Timestamp,Contact_1,Contact_2,Contact_3,Contact_4,Contact_5,Contact_6
0.15707963267948966,0,0,0,0,0,0
0.3141592653589793,1,1,1,1,1,1
0.47123889803846897,1,1,1,1,1,1
0.6283185307179586,1,1,1,1,1,1
0.7853981633974483,1,1,1,1,1,1
0.9424777960769379,0,1,0,1,1,1
1.0995574287564276,0,1,0,1,1,1
1.2566370614359172,0,1,0,1,0,1
1.413716694115407,0,1,0,1,0,1
1.5707963267948966,0,1,0,1,0,1
1.7278759594743862,0,1,0,1,0,1
1.8849555921538759,0,1,0,1,0,1
2.0420352248333655,0,1,0,1,0,1
2.199114857512855,0,1,0,1,0,1
2.356194490192345,0,1,0,1,0,1
2.5132741228718345,0,1,0,1,0,1
2.670353755551324,0,1,0,1,0,1
2.827433388230814,0,1,0,1,0,1
2.9845130209103035,0,1,0,1,0,1
3.141592653589793,0,1,0,1,0,1
3.2986722862692828,1,1,0,1,0,1
3.4557519189487724,1,1,0,1,0,1
3.612831551628262,1,1,0,1,0,1
3.7699111843077517,1,0,1,0,1,1
3.9269908169872414,1,0,1,0,1,0
4.084070449666731,1,0,1,0,1,0
4.241150082346221,1,0,1,0,1,0
4.39822971502571,1,0,1,0,1,0
4.5553093477052,1,0,1,0,1,0
4.71238898038469,1,0,1,0,1,0
4.869468613064179,1,0,1,0,1,0
5.026548245743669,1,0,1,0,1,0
5.183627878423159,1,0,1,0,1,0
5.340707511102648,1,0,1,0,1,0
5.497787143782138,1,0,1,0,1,0
5.654866776461628,1,0,1,0,1,0
5.811946409141117,1,0,1,0,1,0
5.969026041820607,1,0,1,0,1,0
6.126105674500097,1,0,1,0,1,0
6.283185307179586,1,0,1,0,1,0
6.440264939859076,1,0,1,0,1,0
6.5973445725385655,1,0,1,1,1,1
6.754424205218055,1,0,1,1,1,1
6.911503837897545,1,1,0,1,0,1
7.0685834705770345,0,1,0,1,0,1
7.225663103256524,0,1,0,1,0,1
7.382742735936014,0,1,0,1,0,1
7.5398223686155035,0,1,0,1,0,1
7.696902001294993,0,1,0,1,0,1
7.853981633974483,0,1,0,1,0,1
8.011061266653972,0,1,0,1,0,1
8.168140899333462,0,1,0,1,0,1
8.325220532012953,0,1,0,1,0,1
8.482300164692443,0,1,0,1,0,1
8.639379797371934,0,1,0,1,0,1
8.796459430051424,0,1,0,1,0,1
8.953539062730915,0,1,0,1,0,1
9.110618695410405,0,1,0,1,0,1
9.267698328089896,0,1,0,1,0,1
9.424777960769386,0,1,0,1,0,1
9.581857593448877,0,1,0,1,0,1
9.738937226128368,0,1,0,1,0,0
9.896016858807858,1,1,0,1,0,1
10.053096491487349,1,0,1,0,1,1
10.21017612416684,1,0,1,0,1,0
10.36725575684633,1,0,1,0,1,0
10.52433538952582,1,0,1,0,1,0
10.68141502220531,1,0,1,0,1,0
10.838494654884801,1,0,1,0,1,0
10.995574287564292,1,0,1,0,1,0
11.152653920243782,1,0,1,0,1,0
11.309733552923273,1,0,1,0,1,0
11.466813185602764,1,0,1,0,1,0
11.623892818282254,1,0,1,0,1,0
11.780972450961745,1,0,1,0,1,0
11.938052083641235,1,0,1,0,1,0
12.095131716320726,1,0,1,0,1,0
12.252211349000216,1,0,1,0,1,0
12.409290981679707,1,0,1,0,1,0
12.566370614359197,1,0,0,0,1,0
12.723450247038688,1,0,1,0,1,0
12.880529879718178,1,0,0,0,1,0
13.037609512397669,1,0,1,1,1,1
13.19468914507716,1,1,0,1,0,1
13.35176877775665,0,1,0,1,0,1
13.50884841043614,0,1,0,1,0,1
13.665928043115631,0,1,0,1,0,1
13.823007675795122,0,1,0,1,0,1
13.980087308474612,0,1,0,1,0,1
14.137166941154103,0,1,0,1,0,1
14.294246573833593,0,1,0,1,0,1
14.451326206513084,0,1,0,1,0,1
14.608405839192574,0,1,0,1,0,1
14.765485471872065,0,1,0,1,0,1
14.922565104551555,0,1,0,1,0,1
15.079644737231046,0,1,0,1,0,1
15.236724369910537,0,1,0,1,0,1
15.393804002590027,0,1,0,1,0,1
15.550883635269518,0,1,0,1,0,1
15.707963267949008,0,1,0,1,0,1
15.865042900628499,0,1,0,1,0,1
16.02212253330799,0,1,0,1,0,1
16.17920216598748,0,1,0,1,0,1
16.33628179866697,1,1,1,1,1,0
16.49336143134646,1,0,1,0,1,0
16.65044106402595,1,0,1,0,1,0
16.807520696705442,1,0,1,0,1,0
16.964600329384933,1,0,1,0,1,0
17.121679962064423,1,0,1,0,1,0
17.278759594743914,1,0,1,0,1,0
17.435839227423404,1,0,1,0,1,0
17.592918860102895,1,0,1,0,1,0
17.749998492782385,1,0,1,0,1,0
17.907078125461876,1,0,1,0,1,0
18.064157758141366,1,0,1,0,1,0
18.221237390820857,1,0,1,0,1,0
18.378317023500347,1,0,1,0,1,0
18.535396656179838,1,0,1,0,1,0
18.69247628885933,1,0,1,0,1,0
18.84955592153882,1,0,1,0,1,0
19.00663555421831,1,0,0,0,1,0
19.1637151868978,1,0,0,0,1,0
19.32079481957729,1,0,1,1,1,1
19.47787445225678,1,1,0,1,0,1
19.634954084936272,0,1,0,1,0,1
19.792033717615762,0,1,0,1,0,1
19.949113350295253,0,1,0,1,0,1
20.106192982974743,0,1,0,1,0,1
20.263272615654234,0,1,0,1,0,1
20.420352248333725,0,1,0,1,0,1
20.577431881013215,0,1,0,1,0,1
20.734511513692706,0,1,0,1,0,1
20.891591146372196,0,1,0,1,0,1
21.048670779051687,0,1,0,1,0,1
21.205750411731177,0,1,0,1,0,1
21.362830044410668,0,1,0,1,0,1
21.51990967709016,0,1,0,1,0,1
21.67698930976965,0,1,0,1,0,1
21.83406894244914,0,1,0,1,0,1
21.99114857512863,0,1,0,1,0,1
22.14822820780812,0,1,0,1,0,0
22.30530784048761,0,1,0,1,0,1
22.4623874731671,1,1,0,1,0,1
22.619467105846592,1,0,1,0,1,1
22.776546738526083,1,0,1,0,1,0
22.933626371205573,1,0,1,0,1,0
23.090706003885064,1,0,1,0,1,0
23.247785636564554,1,0,1,0,1,0
23.404865269244045,1,0,1,0,1,0
23.561944901923535,1,0,1,0,1,0
23.719024534603026,1,0,1,0,1,0
23.876104167282516,1,0,1,0,1,0
24.033183799962007,1,0,1,0,1,0
24.190263432641498,1,0,1,0,1,0
24.347343065320988,1,0,1,0,1,0
24.50442269800048,1,0,1,0,1,0
24.66150233067997,1,0,1,0,1,0
24.81858196335946,1,0,1,0,1,0
24.97566159603895,1,0,1,0,1,0
25.13274122871844,1,0,1,0,1,0
25.28982086139793,1,0,1,0,1,0
25.446900494077422,1,0,0,0,1,1
25.603980126756912,1,0,0,1,1,1
25.761059759436403,1,1,0,1,0,1
25.918139392115894,0,1,0,1,0,1
26.075219024795384,0,1,0,1,0,1
26.232298657474875,0,1,0,1,0,1
26.389378290154365,0,1,0,1,0,1
26.546457922833856,0,1,0,1,0,1
26.703537555513346,0,1,0,1,0,1
26.860617188192837,0,1,0,1,0,1
27.017696820872327,0,1,0,1,0,1
27.174776453551818,0,1,0,1,0,1
27.33185608623131,0,1,0,1,0,1
27.4889357189108,0,1,0,1,0,1
27.64601535159029,0,1,0,1,0,1
27.80309498426978,0,1,0,1,0,1
27.96017461694927,0,1,0,1,0,1
28.11725424962876,0,1,0,1,0,1
28.27433388230825,0,1,0,1,0,1
28.431413514987742,0,1,0,1,0,1
28.588493147667233,0,1,0,1,0,0
28.745572780346723,1,1,0,1,0,1
28.902652413026214,1,0,1,0,1,1
29.059732045705704,1,0,1,0,1,0
29.216811678385195,1,0,1,0,1,0
29.373891311064686,1,0,1,0,1,0
29.530970943744176,1,0,1,0,1,0
29.688050576423667,1,0,1,0,1,0
29.845130209103157,1,0,1,0,1,0
30.002209841782648,1,0,1,0,1,0
30.15928947446214,1,0,1,0,1,0
30.31636910714163,1,0,1,0,1,0
30.47344873982112,1,0,1,0,1,0
30.63052837250061,1,0,1,0,1,0
30.7876080051801,1,0,1,0,1,0
30.94468763785959,1,0,1,0,1,0
31.10176727053908,1,0,1,0,1,0
31.258846903218572,1,0,0,0,1,0
31.415926535898063,1,0,1,0,1,0
31.573006168577553,1,0,0,0,1,0
31.730085801257044,1,0,0,0,1,0
31.887165433936534,1,0,0,1,1,1
32.04424506661602,1,1,0,1,0,1
32.20132469929551,1,1,0,1,0,1
32.358404331975,0,1,0,1,0,1
32.51548396465449,0,1,0,1,0,1
32.67256359733398,0,1,0,1,0,1
32.829643230013474,0,1,0,1,0,1
32.986722862692964,0,1,0,1,0,1
33.143802495372455,0,1,0,1,0,1
33.300882128051946,0,1,0,1,0,1
33.457961760731436,0,1,0,1,0,1
33.61504139341093,0,1,0,1,0,1
33.77212102609042,0,1,0,1,0,1
33.92920065876991,0,1,0,1,0,1
34.0862802914494,0,1,0,1,0,1
34.24335992412889,0,1,0,1,0,1
34.40043955680838,0,1,0,1,0,1
34.55751918948787,0,1,0,1,0,1
34.71459882216736,0,1,0,1,0,0
34.87167845484685,0,1,0,1,0,0
35.02875808752634,1,1,0,1,0,1
35.18583772020583,1,0,1,0,1,1
35.34291735288532,1,0,1,0,1,0
35.49999698556481,1,0,1,0,1,0
35.657076618244304,1,0,1,0,1,0
35.814156250923794,1,0,1,0,1,0
35.971235883603285,1,0,1,0,1,0
36.128315516282775,1,0,1,0,1,0
36.285395148962266,1,0,1,0,1,0
36.44247478164176,1,0,1,0,1,0
36.59955441432125,1,0,1,0,1,0
36.75663404700074,1,0,1,0,1,0
36.91371367968023,1,0,1,0,1,0
37.07079331235972,1,0,1,0,1,0
37.22787294503921,1,0,1,0,1,0
37.3849525777187,1,0,1,0,1,0
37.54203221039819,1,0,0,0,1,0
37.69911184307768,1,0,1,0,1,0
37.85619147575717,1,0,1,0,1,0
38.01327110843666,1,0,0,0,1,0
38.17035074111615,1,0,1,0,1,0
38.32743037379564,1,1,0,1,0,1
38.48451000647513,0,1,0,1,0,1
38.641589639154624,0,1,0,1,0,1
38.798669271834115,0,1,0,1,0,1
38.955748904513605,0,1,0,1,0,1
39.112828537193096,0,1,0,1,0,1
39.269908169872586,0,1,0,1,0,1
39.42698780255208,0,1,0,1,0,1
39.58406743523157,0,1,0,1,0,1
39.74114706791106,0,1,0,1,0,1
39.89822670059055,0,1,0,1,0,1
40.05530633327004,0,1,0,1,0,1
40.21238596594953,0,1,0,1,0,1
40.36946559862902,0,1,0,1,0,1
40.52654523130851,0,1,0,1,0,1
40.683624863988,0,1,0,1,0,0
40.84070449666749,0,1,0,1,0,1
40.99778412934698,0,1,0,1,0,1
41.15486376202647,0,1,0,1,0,1
41.31194339470596,1,1,0,1,0,1
41.469023027385454,1,0,1,0,1,1
41.626102660064944,1,0,1,0,1,0
41.783182292744435,1,0,1,0,1,0
41.940261925423926,1,0,1,0,1,0
42.097341558103416,1,0,1,0,1,0
42.25442119078291,1,0,1,0,1,0
42.4115008234624,1,0,1,0,1,0
42.56858045614189,1,0,1,0,1,0
42.72566008882138,1,0,1,0,1,0
42.88273972150087,1,0,1,0,1,0
43.03981935418036,1,0,1,0,1,0
43.19689898685985,1,0,1,0,1,0
43.35397861953934,1,0,1,0,1,0
43.51105825221883,1,0,1,0,1,0
43.66813788489832,1,0,1,1,1,0
43.82521751757781,1,0,1,1,1,0
43.9822971502573,1,0,1,1,1,0
44.13937678293679,0,0,1,1,0,0
44.296456415616284,0,0,1,1,0,0
44.453536048295774,0,0,1,1,0,0
44.610615680975265,0,1,1,1,0,0
44.767695313654755,0,1,1,1,0,0
44.924774946334246,0,1,1,1,0,1
45.081854579013736,0,1,0,1,0,1
45.23893421169323,0,1,0,1,0,1
45.39601384437272,0,1,0,1,0,1
45.55309347705221,0,1,0,1,0,1
45.7101731097317,0,1,0,1,0,1
45.86725274241119,0,1,0,1,0,1
46.02433237509068,0,1,0,1,0,1
46.18141200777017,1,1,0,1,0,1
46.33849164044966,1,1,0,1,0,1
46.49557127312915,1,1,0,1,0,1
46.65265090580864,1,1,0,1,0,1
46.80973053848813,1,1,0,1,0,1
46.96681017116762,1,1,0,1,0,1
47.12388980384711,1,0,0,1,0,1
47.280969436526604,1,0,0,0,0,1
47.438049069206095,1,0,0,0,0,1
47.595128701885585,1,0,0,0,0,1
47.752208334565076,1,0,0,0,0,1
47.909287967244566,1,0,1,0,0,1
48.06636759992406,1,0,1,0,1,1
48.22344723260355,1,0,1,0,1,0
48.38052686528304,1,0,1,0,1,0
48.53760649796253,1,0,1,0,1,0
48.69468613064202,1,0,1,0,1,0
48.85176576332151,1,0,1,0,1,0
49.008845396001,1,0,1,0,1,0
49.16592502868049,1,0,1,0,1,0
49.32300466135998,1,0,1,0,1,0
49.48008429403947,1,0,1,0,1,0
49.63716392671896,1,0,1,0,1,0
49.79424355939845,1,0,1,1,1,0
49.95132319207794,1,0,1,1,1,0
50.108402824757434,1,0,1,1,1,0
50.265482457436924,0,0,1,1,1,0
50.422562090116415,0,0,1,1,0,0
50.579641722795905,0,0,1,1,0,0
50.736721355475396,0,0,1,1,0,0
50.89380098815489,0,0,1,1,0,0
51.05088062083438,0,0,1,1,0,0
51.20796025351387,0,0,1,1,0,0
51.36503988619336,0,0,1,1,0,0
51.52211951887285,0,1,1,1,0,0
51.67919915155234,0,1,1,1,0,1
51.83627878423183,0,1,0,1,0,1
51.99335841691132,1,1,0,1,0,1
52.15043804959081,1,1,0,1,0,1
52.3075176822703,0,1,0,1,0,1
52.46459731494979,0,1,0,1,0,1
52.62167694762928,1,1,0,1,0,1
52.77875658030877,1,1,0,1,0,1
52.935836212988264,1,1,0,1,0,1
53.092915845667754,1,1,0,1,0,1
53.249995478347245,1,1,0,1,0,1
53.407075111026735,1,0,0,0,0,1
53.564154743706226,1,0,0,0,0,1
53.721234376385716,1,0,0,0,0,1
53.87831400906521,1,0,1,0,0,1
54.0353936417447,1,0,1,0,0,1
54.19247327442419,1,0,0,0,0,1
54.34955290710368,1,0,0,0,1,1
54.50663253978317,1,0,1,0,1,1
54.66371217246266,1,0,1,0,1,0
54.82079180514215,1,0,1,0,1,0
54.97787143782164,1,0,1,0,1,0
55.13495107050113,1,0,1,0,1,0
55.29203070318062,1,0,1,0,1,0
55.44911033586011,1,0,1,0,1,0
55.6061899685396,1,0,1,0,1,0
55.76326960121909,1,0,1,0,1,0
55.920349233898584,1,0,1,0,1,0
56.077428866578074,1,0,1,0,1,0
56.234508499257565,1,0,1,0,1,0
56.391588131937056,1,0,1,1,1,0
56.548667764616546,1,0,1,1,1,0
56.70574739729604,0,0,1,1,0,0
56.86282702997553,0,0,1,1,0,0
57.01990666265502,0,0,1,1,0,0
57.17698629533451,0,0,1,1,0,0
57.334065928014,0,0,1,1,0,0
57.49114556069349,0,0,1,1,0,0
57.64822519337298,0,0,1,1,0,0
57.80530482605247,0,0,1,1,0,0
57.96238445873196,0,1,1,1,0,0
58.11946409141145,0,1,1,1,0,1
58.27654372409094,0,1,0,1,0,1
58.43362335677043,0,1,0,1,0,1
58.59070298944992,0,1,0,1,0,1
58.747782622129414,1,1,0,1,0,1
58.904862254808904,1,1,1,1,0,1
59.061941887488395,1,1,1,1,0,1
59.219021520167885,1,1,0,1,0,1
59.376101152847376,1,0,0,0,0,1
59.533180785526866,1,0,0,0,0,1
59.69026041820636,1,0,0,0,0,1
59.84734005088585,1,0,0,0,0,1
60.00441968356534,1,0,0,0,0,1
60.16149931624483,1,0,1,0,0,1
60.31857894892432,1,0,0,0,0,1
60.47565858160381,1,0,0,0,1,1
60.6327382142833,1,0,1,0,1,1
60.78981784696279,1,0,1,0,1,0
60.94689747964228,1,0,1,0,1,0
61.10397711232177,0,0,1,0,1,0
61.26105674500126,1,0,1,0,1,0
61.41813637768075,1,0,1,0,1,0
61.57521601036024,1,0,1,0,1,0
61.732295643039734,1,0,1,0,1,0
61.889375275719225,1,0,1,0,1,0
62.046454908398715,1,0,1,0,1,0
62.203534541078206,1,0,1,0,1,0
62.360614173757696,1,0,1,0,1,0
62.51769380643719,1,0,1,0,1,0
62.67477343911668,1,0,1,0,1,0
62.83185307179617,1,0,1,1,1,0
62.98893270447566,0,0,1,1,0,0
63.14601233715515,0,0,1,1,0,0
63.30309196983464,0,0,1,1,0,0
63.46017160251413,0,1,1,1,0,0
63.61725123519362,0,1,1,1,0,0
63.77433086787311,0,1,1,1,0,1
63.9314105005526,0,1,0,1,0,1
64.08849013323209,0,1,0,1,0,1
64.24556976591157,0,1,0,1,0,1
64.40264939859105,0,1,0,1,0,1
64.55972903127054,0,1,0,1,0,1
64.71680866395002,0,1,0,1,0,1
64.8738882966295,1,1,0,1,0,1
65.03096792930899,1,1,0,1,0,1
65.18804756198847,1,1,0,1,0,1
65.34512719466795,1,1,0,1,0,1
65.50220682734744,1,1,0,1,0,1
65.65928646002692,1,1,0,1,0,1
65.8163660927064,1,1,0,1,0,1
65.97344572538589,1,0,0,0,0,1
66.13052535806537,1,0,0,0,0,1
66.28760499074485,1,0,0,0,0,1
66.44468462342434,1,0,0,0,0,1
66.60176425610382,1,0,1,0,0,1
66.7588438887833,1,0,0,0,1,1
66.91592352146279,1,0,0,0,1,1
67.07300315414227,1,0,1,0,1,1
67.23008278682175,1,0,1,0,1,0
67.38716241950124,1,0,1,0,1,0
67.54424205218072,1,0,1,0,1,0
67.7013216848602,1,0,1,0,1,0
67.85840131753969,1,0,1,0,1,0
68.01548095021917,1,0,1,0,1,0
68.17256058289865,1,0,1,0,1,0
68.32964021557814,1,0,1,0,1,0
68.48671984825762,1,0,1,0,1,0
68.6437994809371,1,0,1,0,1,0
68.80087911361659,1,0,1,0,1,0
68.95795874629607,1,0,1,1,1,0
69.11503837897556,1,0,1,1,0,0
69.27211801165504,0,0,1,1,0,0
69.42919764433452,0,0,1,1,0,0
69.586277277014,0,0,1,1,0,0
69.74335690969349,0,0,1,1,0,0
69.90043654237297,0,0,1,1,0,0
70.05751617505246,0,0,1,1,0,0
70.21459580773194,0,1,1,1,0,0
70.37167544041142,0,1,1,1,0,0
70.5287550730909,0,0,1,1,0,1
70.68583470577039,0,1,1,1,0,1
70.84291433844987,0,1,1,1,0,1
70.99999397112936,0,1,1,1,0,1
71.15707360380884,0,1,1,1,0,1
71.31415323648832,0,1,0,1,0,1
71.4712328691678,1,1,1,1,0,1
71.62831250184729,1,1,0,1,0,1
71.78539213452677,1,1,0,1,0,1
71.94247176720626,1,1,0,1,0,1
72.09955139988574,1,1,0,1,0,1
72.25663103256522,1,1,0,1,0,1
72.41371066524471,1,0,0,0,0,1
72.57079029792419,1,0,0,0,0,1
72.72786993060367,1,0,1,0,0,1
72.88494956328316,1,0,1,0,0,1
73.04202919596264,1,0,1,0,1,1
73.19910882864212,1,0,1,0,1,0
73.35618846132161,1,0,1,0,1,0
73.51326809400109,1,0,1,0,1,0
73.67034772668057,1,0,1,0,1,0
73.82742735936006,1,0,1,0,1,0
73.98450699203954,1,0,1,0,1,0
74.14158662471903,1,0,1,0,1,0
74.29866625739851,1,0,1,0,1,0
74.45574589007799,1,0,1,0,1,0
74.61282552275748,1,0,1,0,1,0
74.76990515543696,1,0,1,0,1,0
74.92698478811644,1,0,1,0,1,0
75.08406442079593,1,0,1,1,1,0
75.24114405347541,1,0,1,0,1,0
75.39822368615489,1,0,1,0,1,0
75.55530331883438,1,0,1,1,1,0
75.71238295151386,0,0,1,1,0,0
75.86946258419334,0,0,1,1,0,0
76.02654221687283,1,0,1,1,0,0
76.18362184955231,1,0,1,1,0,0
76.3407014822318,0,0,1,1,0,1
76.49778111491128,0,1,1,1,0,1
76.65486074759076,0,1,0,1,0,1
76.81194038027024,0,1,0,1,0,1
76.96902001294973,0,1,0,1,0,1
77.12609964562921,0,1,1,1,0,1
77.2831792783087,0,1,1,1,0,1
77.44025891098818,0,1,0,1,0,1
77.59733854366766,0,1,0,1,0,1
77.75441817634714,0,1,0,1,0,1
77.91149780902663,0,1,0,1,0,1
78.06857744170611,1,1,1,1,0,1
78.2256570743856,1,1,0,1,0,1
78.38273670706508,1,1,0,1,0,1
78.53981633974456,1,0,0,0,0,1
78.69689597242404,1,0,0,0,0,1
78.85397560510353,1,0,1,1,0,1
79.01105523778301,1,0,1,1,0,1
79.1681348704625,1,0,1,1,1,1
79.32521450314198,1,0,1,0,1,0
79.48229413582146,1,0,1,0,1,0
79.63937376850095,1,0,1,0,1,0
79.79645340118043,1,0,1,0,1,0
79.95353303385991,1,0,1,0,1,0
80.1106126665394,1,0,1,0,1,0
80.26769229921888,1,0,1,0,1,0
80.42477193189836,1,0,1,0,1,0
80.58185156457785,1,0,1,0,1,0
80.73893119725733,1,0,1,0,1,0
80.89601082993681,1,0,1,0,1,0
81.0530904626163,1,0,1,0,1,0
81.21017009529578,1,0,1,1,1,0
81.36724972797526,1,0,1,0,1,0
81.52432936065475,1,0,1,0,1,0
81.68140899333423,1,0,1,1,1,0
81.83848862601371,1,0,1,1,0,0
81.9955682586932,1,0,1,1,0,0
82.15264789137268,0,0,1,1,0,0
82.30972752405216,0,0,1,1,0,0
82.46680715673165,0,0,1,1,0,1
82.62388678941113,0,0,1,1,0,0
82.78096642209061,0,0,1,1,0,0
82.9380460547701,0,0,1,1,0,0
83.09512568744958,0,1,1,1,0,0
83.25220532012906,0,1,1,1,0,1
83.40928495280855,0,1,0,1,0,1
83.56636458548803,0,1,1,1,0,1
83.72344421816751,0,1,0,1,0,1
83.880523850847,0,1,0,1,0,1
84.03760348352648,0,1,1,1,0,1
84.19468311620597,0,1,1,1,0,1
84.35176274888545,0,1,0,1,0,1
84.50884238156493,0,1,0,1,0,1
84.66592201424442,0,1,0,1,0,1
84.8230016469239,0,1,1,1,0,1
84.98008127960338,1,1,1,1,0,0
85.13716091228287,1,1,1,1,0,0
85.29424054496235,1,0,1,1,0,0
85.45132017764183,1,0,1,1,1,0
85.60839981032132,1,0,1,0,1,0
85.7654794430008,1,0,1,0,1,0
85.92255907568028,1,0,1,0,1,0
86.07963870835977,1,0,1,0,1,0
86.23671834103925,1,0,1,0,1,0
86.39379797371873,1,0,1,0,1,0
86.55087760639822,1,0,1,0,1,0
86.7079572390777,1,0,1,0,1,0
86.86503687175718,1,0,1,0,1,0
87.02211650443667,1,0,1,0,1,0
87.17919613711615,1,0,1,0,1,0
87.33627576979563,1,0,1,0,1,0
87.49335540247512,1,0,1,0,1,0
87.6504350351546,1,0,1,1,1,0
87.80751466783408,1,0,1,1,1,0
87.96459430051357,1,0,1,1,0,0
88.12167393319305,1,0,1,1,0,0
88.27875356587253,1,0,1,1,0,0
88.43583319855202,0,0,1,1,0,0
88.5929128312315,0,0,1,1,0,0
88.74999246391098,0,0,1,1,0,0
88.90707209659047,0,1,1,1,0,0
89.06415172926995,0,0,1,1,0,0
89.22123136194944,0,0,1,1,0,0
89.37831099462892,0,0,1,1,0,0
89.5353906273084,0,0,1,1,0,1
89.69247025998789,0,1,1,1,0,1
89.84954989266737,0,1,0,1,0,1
90.00662952534685,0,1,0,1,0,1
90.16370915802634,0,1,0,1,0,1
90.32078879070582,0,1,0,1,0,1
90.4778684233853,0,1,0,1,0,1
90.63494805606479,0,1,0,1,0,1
90.79202768874427,0,1,0,1,0,1
90.94910732142375,0,1,0,1,0,1
91.10618695410324,0,1,0,1,0,1
91.26326658678272,0,1,1,1,0,1
91.4203462194622,0,1,1,1,0,1
91.57742585214169,0,0,1,1,0,0
91.73450548482117,0,0,1,1,0,0
91.89158511750065,1,0,1,0,1,0
92.04866475018014,1,0,1,0,1,0
92.20574438285962,1,0,1,0,1,0
92.3628240155391,1,0,1,0,1,0
92.51990364821859,1,0,1,0,1,0
92.67698328089807,1,0,1,0,1,0
92.83406291357755,1,0,1,0,1,0
92.99114254625704,1,0,1,0,1,0
93.14822217893652,1,0,1,0,1,0
93.305301811616,1,0,1,0,1,0
93.46238144429549,1,0,1,0,1,0
93.61946107697497,1,0,1,1,1,0
93.77654070965445,1,0,1,1,0,0
93.93362034233394,0,0,1,1,0,0
94.09069997501342,0,0,1,1,0,0
94.2477796076929,0,0,1,1,0,0
94.40485924037239,0,0,1,1,0,0
94.56193887305187,0,0,1,1,0,0
94.71901850573136,0,0,1,1,0,0
94.87609813841084,0,1,1,1,0,0
95.03317777109032,0,0,1,1,0,0
95.1902574037698,0,0,1,1,0,0
95.34733703644929,0,0,1,1,0,0
95.50441666912877,0,1,1,1,0,0
95.66149630180826,0,0,1,1,0,0
95.81857593448774,0,0,1,1,0,0
95.97565556716722,0,0,1,1,0,0
96.1327351998467,0,1,1,1,0,1
96.28981483252619,0,1,0,1,0,1
96.44689446520567,0,1,1,1,0,1
96.60397409788516,0,1,1,1,0,1
96.76105373056464,0,1,1,1,0,1
96.91813336324412,0,1,0,1,0,1
97.07521299592361,0,1,0,1,0,1
97.23229262860309,0,1,0,1,0,1
97.38937226128257,0,1,1,1,0,1
97.54645189396206,0,1,1,1,0,0
97.70353152664154,0,0,1,1,0,0
97.86061115932102,0,0,1,1,0,0
98.01769079200051,0,0,1,1,0,0
98.17477042467999,1,0,1,1,1,0
98.33185005735947,1,0,1,0,1,0
98.48892969003896,1,0,1,0,1,0
98.64600932271844,1,0,1,0,1,0
98.80308895539793,1,0,1,0,1,0
98.96016858807741,1,0,1,0,1,0
99.11724822075689,1,0,1,0,1,0
99.27432785343638,1,0,1,0,1,0
99.43140748611586,1,0,1,0,1,0
99.58848711879534,1,0,1,0,1,0
99.74556675147483,1,0,1,0,1,0
99.90264638415431,1,0,1,0,1,0
100.05972601683379,1,0,1,1,1,0
100.21680564951328,1,0,1,1,0,0
100.37388528219276,0,0,1,1,0,0
100.53096491487224,0,0,1,1,0,0
100.68804454755173,0,0,1,1,0,0
100.84512418023121,0,0,1,1,0,0
101.0022038129107,1,0,1,1,0,0
101.15928344559018,0,1,1,1,0,0
101.31636307826966,0,1,1,1,0,0
101.47344271094914,0,1,1,1,0,0
101.63052234362863,0,1,1,1,0,0
101.78760197630811,0,1,1,1,0,0
101.9446816089876,0,1,1,1,0,0
102.10176124166708,0,1,1,1,0,0
102.25884087434656,0,1,1,1,0,1
102.41592050702604,0,1,0,1,0,1
102.57300013970553,0,1,0,1,0,1
102.73007977238501,0,1,0,1,0,1
102.8871594050645,0,1,0,1,0,1
103.04423903774398,0,1,0,1,0,1
103.20131867042346,0,1,0,1,0,1
103.35839830310294,0,1,0,1,0,1
103.51547793578243,0,1,0,1,0,1
103.67255756846191,0,1,0,1,0,1
103.8296372011414,0,1,0,1,0,1
103.98671683382088,0,1,0,1,0,1
104.14379646650036,0,1,0,1,0,1
104.30087609917985,0,1,1,1,0,0
104.45795573185933,0,1,1,1,0,0
104.61503536453881,0,0,1,1,1,0
104.7721149972183,0,0,1,1,1,0
104.92919462989778,1,0,1,0,1,0
105.08627426257726,1,0,1,0,1,0
105.24335389525675,1,0,1,0,1,0
105.40043352793623,1,0,1,0,1,0
105.55751316061571,1,0,1,0,1,0
105.7145927932952,1,0,1,0,1,0
105.87167242597468,1,0,1,0,1,0
106.02875205865416,1,0,1,0,1,0
106.18583169133365,1,0,1,0,1,0
106.34291132401313,1,0,1,0,1,0
106.49999095669261,1,0,1,0,1,0
106.6570705893721,1,0,1,0,1,0
106.81415022205158,1,0,1,1,1,0
106.97122985473106,1,0,1,1,1,0
107.12830948741055,1,0,1,1,1,0
107.28538912009003,1,0,1,1,0,0
107.44246875276951,1,0,1,1,0,0
107.599548385449,1,0,1,1,0,0
107.75662801812848,1,0,1,1,0,0
107.91370765080796,1,0,1,1,0,0
108.07078728348745,1,0,1,1,0,0
108.22786691616693,0,1,1,1,0,0
108.38494654884641,0,1,1,1,0,0
108.5420261815259,0,1,1,1,0,1
108.69910581420538,0,1,1,1,0,1
108.85618544688487,0,1,1,1,0,1
109.01326507956435,0,1,0,1,0,1
109.17034471224383,0,1,0,1,0,1
109.32742434492332,0,1,0,1,0,1
109.4845039776028,0,1,1,1,0,1
109.64158361028228,0,1,1,1,0,1
109.79866324296177,0,1,1,1,0,1
109.95574287564125,0,1,1,1,0,1
110.11282250832073,0,1,1,1,0,1
110.26990214100022,0,1,1,1,0,1
110.4269817736797,0,1,1,1,0,0
110.58406140635918,1,0,1,1,1,0
110.74114103903867,1,0,1,1,1,0
110.89822067171815,1,0,1,0,1,0
111.05530030439763,1,0,1,0,1,0
111.21237993707712,1,0,1,0,1,0
111.3694595697566,1,0,1,0,1,0
111.52653920243608,1,0,1,0,1,0
111.68361883511557,1,0,1,0,1,0
111.84069846779505,1,0,1,0,1,0
111.99777810047453,1,0,1,0,1,0
112.15485773315402,1,0,1,0,1,0
112.3119373658335,1,0,1,0,1,0
112.46901699851298,1,0,1,0,1,0
112.62609663119247,1,0,1,0,1,0
112.78317626387195,1,0,0,0,1,1
112.94025589655143,1,0,0,0,1,1
113.09733552923092,1,0,1,0,1,0
113.2544151619104,1,0,1,0,1,1
113.41149479458988,1,0,1,0,1,0
113.56857442726937,1,1,0,0,1,1
113.72565405994885,1,1,0,0,1,1
113.88273369262834,0,1,0,0,0,1
114.03981332530782,0,1,0,0,0,1
114.1968929579873,0,1,0,1,0,1
114.35397259066679,0,1,0,1,0,1
114.51105222334627,0,1,0,1,0,1
114.66813185602575,0,1,0,1,0,1
114.82521148870524,0,1,0,1,0,1
114.98229112138472,0,1,0,1,0,1
115.1393707540642,0,1,0,1,0,1
115.29645038674369,0,1,0,1,0,1
115.45353001942317,0,1,0,1,0,1
115.61060965210265,0,1,0,1,0,1
115.76768928478214,0,1,0,1,0,1
115.92476891746162,0,1,0,1,0,1
116.0818485501411,0,1,0,1,0,1
116.23892818282059,0,1,0,1,0,1
116.39600781550007,0,1,0,1,0,1
116.55308744817955,1,1,1,1,1,0
116.71016708085904,1,0,1,0,1,0
116.86724671353852,1,0,1,0,1,0
117.024326346218,1,0,1,0,1,0
117.18140597889749,1,0,1,0,1,0
117.33848561157697,1,0,1,0,1,0
117.49556524425645,1,0,1,0,1,0
117.65264487693594,1,0,1,0,1,0
117.80972450961542,1,0,1,0,1,0
117.9668041422949,1,0,1,0,1,0
118.12388377497439,1,0,1,0,1,0
118.28096340765387,1,0,1,0,1,0
118.43804304033335,1,0,1,0,1,0
118.59512267301284,1,0,1,0,1,0
118.75220230569232,1,0,1,0,1,0
118.9092819383718,1,0,1,0,1,0
119.06636157105129,1,0,1,0,1,0
119.22344120373077,1,0,1,0,1,0
119.38052083641026,1,0,1,0,1,1
119.53760046908974,1,0,1,0,1,1
119.69468010176922,1,0,1,0,1,1
119.8517597344487,1,0,1,0,1,1
120.00883936712819,1,1,0,0,0,1
120.16591899980767,0,1,0,0,0,1
120.32299863248716,0,1,0,0,0,1
120.48007826516664,0,1,0,1,0,1
120.63715789784612,0,1,0,1,0,1
120.7942375305256,0,1,0,1,0,1
120.95131716320509,0,1,0,1,0,1
121.10839679588457,0,1,0,1,0,1
121.26547642856406,0,1,0,1,0,1
121.42255606124354,0,1,0,1,0,1
121.57963569392302,0,1,0,1,0,1
121.7367153266025,0,1,0,1,0,1
121.89379495928199,0,1,0,1,0,1
122.05087459196147,0,1,0,1,0,1
122.20795422464096,0,1,0,1,0,1
122.36503385732044,0,1,0,1,0,1
122.52211348999992,0,1,0,1,0,1
122.67919312267941,1,1,0,1,0,1
122.83627275535889,1,0,0,0,1,1
122.99335238803837,1,0,0,0,1,1
123.15043202071786,1,0,0,0,0,1
123.30751165339734,1,0,1,0,0,1
123.46459128607682,1,0,1,0,0,1
123.62167091875631,1,0,1,0,1,0
123.77875055143579,1,0,1,0,1,0
123.93583018411528,1,0,1,0,1,0
124.09290981679476,1,0,1,0,1,0
124.24998944947424,1,0,1,0,1,0
124.40706908215373,1,0,1,0,1,0
124.56414871483321,1,0,1,0,1,0
124.72122834751269,1,0,1,0,1,0
124.87830798019218,1,0,1,0,1,0
125.03538761287166,1,0,1,0,1,0
125.19246724555114,1,0,1,0,1,0
125.34954687823063,1,0,1,0,1,0
125.50662651091011,1,0,1,0,1,0
125.6637061435896,1,0,1,0,1,0
125.82078577626908,1,0,1,0,1,0
125.97786540894856,1,0,1,0,1,0
126.13494504162804,1,1,0,0,1,1
126.29202467430753,0,1,0,0,0,1
126.44910430698701,0,1,0,0,0,1
126.6061839396665,0,1,0,0,0,1
126.76326357234598,0,1,0,1,0,1
126.92034320502546,0,1,0,1,0,1
127.07742283770494,0,1,0,1,0,1
127.23450247038443,0,1,0,1,0,1
127.39158210306391,0,1,0,1,0,1
127.5486617357434,0,1,0,1,0,1
127.70574136842288,0,1,0,1,0,1
127.86282100110236,0,1,0,1,0,1
128.01990063378184,0,1,0,1,0,1
128.17698026646133,0,1,0,1,0,1
128.3340598991408,0,1,0,1,0,1
128.4911395318203,0,1,0,1,0,1
128.64821916449978,0,1,0,1,0,1
128.80529879717926,0,1,0,1,0,1
128.96237842985875,0,1,0,1,0,1
129.11945806253823,0,1,0,1,0,1
129.2765376952177,0,1,0,1,0,1
129.4336173278972,1,0,0,0,0,1
129.59069696057668,1,0,0,0,0,1
129.74777659325616,1,1,1,0,1,1
129.90485622593565,1,0,1,0,1,0
130.06193585861513,1,0,1,0,1,0
130.2190154912946,1,0,1,0,1,0
130.3760951239741,1,0,1,0,1,0
130.53317475665358,1,0,1,0,1,0
130.69025438933306,1,0,1,0,1,0
130.84733402201255,1,0,1,0,1,0
131.00441365469203,1,0,1,0,1,0
131.1614932873715,1,0,1,0,1,0
131.318572920051,1,0,1,1,1,0
131.47565255273048,1,0,1,0,1,1
131.63273218540996,1,0,1,0,1,0
131.78981181808945,1,0,1,0,1,1
131.94689145076893,1,0,1,0,1,1
132.1039710834484,1,0,1,0,1,1
132.2610507161279,1,0,0,0,0,1
132.41813034880738,1,1,0,1,0,1
132.57520998148686,0,1,0,1,0,1
132.73228961416635,0,1,0,1,0,1
132.88936924684583,0,1,0,1,0,1
133.04644887952531,0,1,0,1,0,1
133.2035285122048,0,1,0,1,0,1
133.36060814488428,0,1,0,1,0,1
133.51768777756376,0,1,0,1,0,1
133.67476741024325,0,1,0,1,0,1
133.83184704292273,0,1,0,1,0,1
133.98892667560222,0,1,0,1,0,1
134.1460063082817,0,1,0,1,0,1
134.30308594096118,0,1,0,1,0,1
134.46016557364067,0,1,0,1,0,1
134.61724520632015,0,1,0,1,0,1
134.77432483899963,0,1,0,1,0,1
134.93140447167912,0,1,0,1,0,1
135.0884841043586,0,1,0,1,0,1
135.24556373703808,0,1,0,1,0,1
135.40264336971757,0,1,0,1,0,1
135.55972300239705,1,1,1,1,0,1
135.71680263507653,1,1,1,1,0,1
135.87388226775602,1,0,1,1,1,1
136.0309619004355,1,0,1,0,1,0
136.18804153311498,1,0,1,0,1,0
136.34512116579447,1,0,1,0,1,0
136.50220079847395,1,0,1,0,1,0
136.65928043115343,1,0,1,0,1,0
136.81636006383292,1,0,1,0,1,0
136.9734396965124,1,0,1,0,1,0
137.13051932919188,1,0,1,0,1,0
137.28759896187137,1,0,1,0,1,0
137.44467859455085,1,0,1,0,1,0
137.60175822723033,1,0,1,0,1,0
137.75883785990982,1,0,1,0,1,0
137.9159174925893,1,0,1,1,1,0
138.07299712526878,1,0,1,1,1,0
138.23007675794827,1,0,1,0,1,0
138.38715639062775,1,0,1,1,1,0
138.54423602330723,1,0,1,1,0,0
138.70131565598672,1,0,1,1,0,0
138.8583952886662,1,0,1,1,0,0
139.01547492134569,0,1,1,1,0,0
139.17255455402517,0,1,1,1,0,1
139.32963418670465,0,1,0,1,0,1
139.48671381938414,0,1,0,1,0,1
139.64379345206362,0,1,0,1,0,1
139.8008730847431,0,1,0,1,0,1
139.9579527174226,0,1,0,1,0,1
140.11503235010207,0,1,0,1,0,1
140.27211198278155,0,1,0,1,0,1
140.42919161546104,0,1,0,1,0,1
140.58627124814052,0,1,0,1,0,1
140.74335088082,0,1,0,1,0,1
140.9004305134995,0,1,0,1,0,1
141.05751014617897,0,1,0,1,0,1
141.21458977885845,0,1,0,1,0,1
141.37166941153794,0,1,0,1,0,1
141.52874904421742,0,1,0,1,0,1
141.6858286768969,1,0,1,1,0,0
141.8429083095764,1,0,1,1,0,0
141.99998794225587,0,0,1,1,1,0
142.15706757493535,1,0,1,0,1,0
142.31414720761484,1,0,1,0,1,0
142.47122684029432,1,0,1,0,1,0
142.6283064729738,1,0,1,0,1,0
142.7853861056533,1,0,1,0,1,0
142.94246573833277,1,0,1,0,1,0
143.09954537101225,1,0,1,0,1,0
143.25662500369174,1,0,1,0,1,0
143.41370463637122,1,0,1,0,1,0
143.5707842690507,1,0,1,0,1,0
143.7278639017302,1,0,1,0,1,0
143.88494353440967,1,0,1,0,1,0
144.04202316708916,1,0,1,0,1,0
144.19910279976864,1,0,1,0,1,0
144.35618243244812,1,0,1,0,1,0
144.5132620651276,1,0,1,0,1,0
144.6703416978071,1,0,1,1,1,0
144.82742133048657,1,0,1,1,1,0
144.98450096316606,0,0,1,1,0,0
145.14158059584554,0,0,1,1,0,0
145.29866022852502,0,1,1,1,0,0
145.4557398612045,0,1,1,1,0,0
145.612819493884,0,1,1,1,0,1
145.76989912656347,0,1,1,1,0,1
145.92697875924296,0,1,0,1,0,1
146.08405839192244,0,1,0,1,0,1
146.24113802460192,0,1,0,1,0,1
146.3982176572814,0,1,0,1,0,1
146.5552972899609,0,1,0,1,0,1
146.71237692264037,0,1,0,1,0,1
146.86945655531986,0,1,0,1,0,1
147.02653618799934,0,1,0,1,0,1
147.18361582067882,0,1,0,1,0,1
147.3406954533583,0,1,0,1,0,1
147.4977750860378,0,1,0,1,0,1
147.65485471871727,0,1,0,1,0,1
147.81193435139676,0,1,0,1,0,1
147.96901398407624,1,1,1,1,0,1
148.12609361675572,1,1,1,1,0,1
148.2831732494352,1,0,1,1,1,0
148.4402528821147,1,0,1,0,1,0
148.59733251479418,1,0,1,0,1,0
148.75441214747366,1,0,1,0,1,0
148.91149178015314,1,0,1,0,1,0
149.06857141283263,1,0,1,0,1,0
149.2256510455121,1,0,1,0,1,0
149.3827306781916,1,0,1,0,1,0
149.53981031087108,1,0,1,0,1,0
149.69688994355056,1,0,1,0,1,0
149.85396957623004,1,0,1,0,1,0
150.01104920890953,1,0,1,0,1,0
150.168128841589,1,0,1,0,1,0
150.3252084742685,1,0,1,0,1,0
150.48228810694798,1,0,1,0,1,0
150.63936773962746,1,0,1,0,1,0
150.79644737230694,1,0,1,0,1,0
150.95352700498643,1,0,1,1,1,0
151.1106066376659,0,0,1,1,0,0
151.2676862703454,0,0,1,1,0,0
151.42476590302488,1,0,1,1,0,0
151.58184553570436,0,1,1,1,0,0
151.73892516838384,0,1,1,1,0,0
151.89600480106333,0,1,1,1,0,1
152.0530844337428,0,1,0,1,0,1
152.2101640664223,0,1,0,1,0,1
152.36724369910178,0,1,0,1,0,1
152.52432333178126,0,1,0,1,0,1
152.68140296446074,0,1,0,1,0,1
152.83848259714023,0,1,0,1,0,1
152.9955622298197,0,1,0,1,0,1
153.1526418624992,0,1,0,1,0,1
153.30972149517868,0,1,0,1,0,1
153.46680112785816,0,1,0,1,0,1
153.62388076053765,0,1,0,1,0,1
153.78096039321713,0,1,0,1,0,1
153.9380400258966,0,1,0,1,0,1
154.0951196585761,0,1,0,1,0,1
154.25219929125558,1,1,1,1,0,1
154.40927892393506,1,0,1,0,0,1
154.56635855661455,1,0,1,0,1,0
154.72343818929403,1,0,1,0,1,0
154.8805178219735,1,0,1,0,1,0
155.037597454653,1,0,1,0,1,0
155.19467708733248,1,0,1,0,1,0
155.35175672001196,1,0,1,0,1,0
155.50883635269145,1,0,1,0,1,0
155.66591598537093,1,0,1,0,1,0
155.8229956180504,1,0,1,0,1,0
155.9800752507299,1,0,1,0,1,0
156.13715488340938,1,0,1,0,1,0
156.29423451608886,1,0,1,0,1,0
156.45131414876835,1,0,1,0,1,0
156.60839378144783,1,0,1,0,1,0
156.7654734141273,1,0,1,0,1,0
156.9225530468068,1,0,1,0,1,0
157.07963267948628,1,0,1,0,1,0
157.23671231216576,1,0,1,1,1,0
157.39379194484525,0,0,1,1,0,0
157.55087157752473,0,0,1,1,0,0
157.70795121020421,0,0,1,1,0,0
157.8650308428837,0,1,1,1,0,0
158.02211047556318,0,1,1,1,0,1
158.17919010824266,0,1,0,1,0,1
158.33626974092215,0,1,0,1,0,1
158.49334937360163,0,1,0,1,0,1
158.65042900628112,0,1,0,1,0,1
158.8075086389606,0,1,0,1,0,1
158.96458827164008,0,1,0,1,0,1
159.12166790431957,0,1,0,1,0,1
159.27874753699905,0,1,0,1,0,1
159.43582716967853,0,1,0,1,0,1
159.59290680235802,0,1,0,1,0,1
159.7499864350375,0,1,0,1,0,1
159.90706606771698,0,1,0,1,0,1
160.06414570039647,0,1,0,1,0,1
160.22122533307595,0,1,0,1,0,1
160.37830496575543,1,1,0,1,0,1
160.53538459843492,1,0,1,0,0,1
160.6924642311144,1,0,1,0,0,1
160.84954386379388,1,0,1,0,1,1
161.00662349647337,1,0,1,0,1,0
161.16370312915285,1,0,1,0,1,0
161.32078276183233,1,0,1,0,1,0
161.47786239451182,1,0,1,0,1,0
161.6349420271913,1,0,1,0,1,0
161.79202165987078,1,0,1,0,1,0
161.94910129255027,1,0,1,0,1,0
162.10618092522975,1,0,1,0,1,0
162.26326055790923,1,0,1,0,1,0
162.42034019058872,1,0,1,0,1,0
162.5774198232682,1,0,1,0,1,0
162.73449945594768,1,0,1,0,1,0
162.89157908862717,1,0,1,0,1,0
163.04865872130665,1,0,1,0,1,0
163.20573835398613,1,0,1,0,1,0
163.36281798666562,1,0,1,0,1,0
163.5198976193451,1,0,1,0,1,0
163.67697725202459,1,0,1,1,1,0
163.83405688470407,0,0,1,1,0,0
163.99113651738355,0,0,1,1,0,0
164.14821615006304,0,1,1,1,0,1
164.30529578274252,0,1,0,1,0,1
164.462375415422,0,1,0,1,0,1
164.61945504810149,0,1,0,1,0,1
164.77653468078097,0,1,0,1,0,1
164.93361431346045,0,1,0,1,0,1
165.09069394613994,0,1,0,1,0,1
165.24777357881942,0,1,0,1,0,1
165.4048532114989,0,1,0,1,0,1
165.5619328441784,0,1,0,1,0,1
165.71901247685787,0,1,0,1,0,1
165.87609210953735,0,1,0,1,0,1
166.03317174221684,0,1,0,1,0,1
166.19025137489632,0,1,0,1,0,1
166.3473310075758,0,1,0,1,0,1
166.5044106402553,0,1,0,1,0,1
166.66149027293477,0,1,0,1,0,1
166.81856990561425,0,1,0,1,0,1
166.97564953829374,1,1,0,0,1,1
167.13272917097322,1,0,1,0,1,0
167.2898088036527,1,0,1,0,1,0
167.4468884363322,1,0,1,0,1,0
167.60396806901167,1,0,1,0,1,0
167.76104770169115,1,0,1,0,1,0
167.91812733437064,1,0,1,0,1,0
168.07520696705012,1,0,1,0,1,0
168.2322865997296,1,0,1,0,1,0
168.3893662324091,1,0,1,0,1,0
168.54644586508857,1,0,1,0,1,0
168.70352549776806,1,0,1,0,1,0
168.86060513044754,1,0,1,0,1,0
169.01768476312702,1,0,1,0,1,0
169.1747643958065,1,0,1,0,1,0
169.331844028486,1,0,1,0,1,0
169.48892366116547,1,0,1,0,1,0
169.64600329384496,1,0,1,0,1,0
169.80308292652444,1,0,1,0,1,0
169.96016255920392,1,0,1,0,1,0
170.1172421918834,1,1,1,1,1,0
170.2743218245629,1,1,1,1,1,0
170.43140145724237,0,1,0,0,0,1
170.58848108992186,0,1,0,1,0,1
170.74556072260134,0,1,0,1,0,1
170.90264035528082,0,1,0,1,0,1
171.0597199879603,0,1,0,1,0,1
171.2167996206398,0,1,0,1,0,1
171.37387925331927,0,1,0,1,0,1
171.53095888599876,0,1,0,1,0,1
171.68803851867824,0,1,0,1,0,1
171.84511815135772,0,1,0,1,0,1
172.0021977840372,0,1,0,1,0,1
172.1592774167167,0,1,0,1,0,1
172.31635704939617,1,1,0,1,0,1
172.47343668207566,1,1,0,1,0,1
172.63051631475514,1,1,0,1,0,1
172.78759594743462,1,1,0,1,0,1
172.9446755801141,0,1,0,1,0,1
173.1017552127936,0,1,0,1,0,1
173.25883484547307,1,1,1,1,1,1
173.41591447815256,1,0,1,0,1,0
173.57299411083204,1,0,1,0,1,0
173.73007374351153,1,0,1,0,1,0
173.887153376191,1,0,1,0,1,0
174.0442330088705,1,0,1,0,1,0
174.20131264154998,1,0,1,0,1,0
174.35839227422946,1,0,1,0,1,0
174.51547190690894,1,0,1,0,1,0
174.67255153958843,1,0,1,0,1,0
174.8296311722679,1,0,1,0,1,0
174.9867108049474,1,0,1,0,1,0
175.14379043762688,1,0,1,0,1,0
175.30087007030636,1,0,1,0,1,0
175.45794970298584,1,0,1,0,1,0
175.61502933566533,1,0,1,0,1,0
175.7721089683448,1,0,1,0,1,0
175.9291886010243,1,0,1,0,1,0
176.08626823370378,1,0,1,0,1,0
176.24334786638326,1,0,1,1,1,0
176.40042749906274,1,1,1,1,1,1
176.55750713174223,0,1,0,1,0,1
176.7145867644217,0,1,0,1,0,1
176.8716663971012,0,1,0,1,0,1
177.02874602978068,0,1,0,1,0,1
177.18582566246016,0,1,0,1,0,1
177.34290529513964,0,1,0,1,0,1
177.49998492781913,0,1,0,1,0,1
177.6570645604986,0,1,0,1,0,1
177.8141441931781,0,1,0,1,0,1
177.97122382585758,0,1,0,1,0,1
178.12830345853706,0,1,0,1,0,1
178.28538309121654,0,1,0,1,0,1
178.44246272389603,0,1,0,1,0,1
178.5995423565755,0,1,0,1,0,1
178.756621989255,1,1,1,1,0,1
178.91370162193448,1,1,0,1,0,1
179.07078125461396,1,1,0,1,0,1
179.22786088729345,1,1,0,1,0,1
179.38494051997293,1,1,0,1,0,1
179.5420201526524,1,1,1,0,1,1
179.6990997853319,1,0,1,0,1,0
179.85617941801138,1,0,1,0,1,0
180.01325905069086,1,0,1,0,1,0
180.17033868337035,1,0,1,0,1,0
180.32741831604983,1,0,1,0,1,0
180.4844979487293,1,0,1,0,1,0
180.6415775814088,1,0,1,0,1,0
180.79865721408828,1,0,1,0,1,0
180.95573684676776,1,0,1,0,1,0
181.11281647944725,1,0,1,0,1,0
181.26989611212673,1,0,1,0,1,0
181.4269757448062,1,0,1,0,1,0
181.5840553774857,1,0,1,0,1,0
181.74113501016518,1,0,1,0,1,0
181.89821464284466,1,0,1,0,1,0
182.05529427552415,1,0,1,1,1,0
182.21237390820363,1,0,1,1,1,0
182.36945354088311,1,0,1,0,1,0
182.5265331735626,1,0,1,1,1,0
182.68361280624208,1,0,1,1,0,0
182.84069243892156,1,0,1,1,0,0
182.99777207160105,0,1,1,1,0,0
183.15485170428053,0,1,1,1,0,1
183.31193133696001,0,1,0,1,0,1
183.4690109696395,0,1,0,1,0,1
183.62609060231898,0,1,0,1,0,1
183.78317023499847,0,1,0,1,0,1
183.94024986767795,0,1,0,1,0,1
184.09732950035743,0,1,0,1,0,1
184.25440913303692,0,1,0,1,0,1
184.4114887657164,0,1,0,1,0,1
184.56856839839588,0,1,0,1,0,1
184.72564803107537,0,1,0,1,0,1
184.88272766375485,0,1,0,1,0,1
185.03980729643433,0,1,0,1,0,1
185.19688692911382,0,1,0,1,0,1
185.3539665617933,0,1,0,1,0,1
185.51104619447278,1,1,0,1,0,1
185.66812582715227,1,1,0,1,0,1
185.82520545983175,1,1,1,0,1,1
185.98228509251123,1,0,1,0,1,0
186.13936472519072,1,0,1,0,1,0
186.2964443578702,1,0,1,0,1,0
186.45352399054968,1,0,1,0,1,0
186.61060362322917,1,0,1,0,1,0
186.76768325590865,1,0,1,0,1,0
186.92476288858813,1,0,1,0,1,0
187.08184252126762,1,0,1,0,1,0
187.2389221539471,1,0,1,0,1,0
187.39600178662658,1,0,1,0,1,0
187.55308141930607,1,0,1,0,1,0
187.71016105198555,1,0,1,0,1,0
187.86724068466503,1,0,1,1,1,0
188.02432031734452,1,0,1,1,1,0
188.181399950024,1,0,1,1,0,0
188.33847958270348,1,1,1,1,0,0
188.49555921538297,1,1,1,1,0,0
188.65263884806245,1,1,1,1,0,0
188.80971848074194,1,1,1,1,0,0
188.96679811342142,1,1,1,1,0,0
189.1238777461009,1,1,1,1,0,0
189.28095737878039,1,1,1,1,0,0
189.43803701145987,1,1,1,1,0,0
189.59511664413935,1,1,1,1,0,0
189.75219627681884,1,1,1,1,0,1
189.90927590949832,1,1,1,1,0,1
190.0663555421778,1,1,1,1,0,0
190.2234351748573,1,1,1,1,0,0
190.38051480753677,0,1,0,1,0,1
190.53759444021625,0,1,0,1,0,1
190.69467407289574,0,1,0,1,0,1
190.85175370557522,0,1,0,1,0,1
191.0088333382547,0,1,0,1,0,1
191.1659129709342,0,1,0,1,0,1
191.32299260361367,0,1,0,1,0,1
191.48007223629315,0,1,0,1,0,1
191.63715186897264,0,1,0,1,0,1
191.79423150165212,0,1,0,1,0,1
191.9513111343316,0,1,0,1,0,1
192.1083907670111,1,1,0,0,1,0
192.26547039969057,1,0,1,0,1,0
192.42255003237005,1,0,1,0,1,0
192.57962966504954,1,0,1,0,1,0
192.73670929772902,1,0,1,0,1,0
192.8937889304085,1,0,1,0,1,0
193.050868563088,1,0,1,0,1,0
193.20794819576747,1,0,1,0,1,0
193.36502782844696,1,0,1,0,1,0
193.52210746112644,1,0,1,0,1,0
193.67918709380592,1,0,1,0,1,0
193.8362667264854,1,0,1,0,1,0
193.9933463591649,1,0,1,0,1,0
194.15042599184437,1,0,1,0,1,0
194.30750562452386,1,0,1,0,1,0
194.46458525720334,1,0,1,0,1,0
194.62166488988282,1,0,1,0,1,0
194.7787445225623,1,0,1,0,1,0
194.9358241552418,1,0,1,0,1,0
195.09290378792127,1,0,1,0,1,0
195.24998342060076,0,1,1,1,1,0
195.40706305328024,0,1,1,1,0,1
195.56414268595972,0,1,1,1,0,1
195.7212223186392,0,1,0,0,0,1
195.8783019513187,0,1,0,1,0,1
196.03538158399817,0,1,0,1,0,1
196.19246121667766,0,1,0,1,0,1
196.34954084935714,0,1,0,1,0,1
196.50662048203662,0,1,0,1,0,1
196.6637001147161,0,1,0,1,0,1
196.8207797473956,0,1,0,1,0,1
196.97785938007507,0,1,0,1,0,1
197.13493901275456,0,1,0,1,0,1
197.29201864543404,0,1,0,1,0,1
197.44909827811352,0,1,0,1,0,1
197.606177910793,0,1,0,1,0,1
197.7632575434725,0,1,0,1,0,1
197.92033717615197,0,1,0,1,0,1
198.07741680883146,0,1,0,1,0,1
198.23449644151094,0,1,0,1,0,1
198.39157607419043,0,1,0,1,1,1
198.5486557068699,1,1,0,0,1,0
198.7057353395494,1,1,1,0,1,0
198.86281497222888,1,0,1,0,1,0
199.01989460490836,1,0,1,0,1,0
199.17697423758784,1,0,1,0,1,0
199.33405387026733,1,0,1,0,1,0
199.4911335029468,1,0,1,0,1,0
199.6482131356263,1,0,1,0,1,0
199.80529276830578,1,0,1,0,1,0
199.96237240098526,1,0,1,0,1,0
200.11945203366474,1,0,1,0,1,0
200.27653166634423,1,0,1,0,1,0
200.4336112990237,1,0,1,0,1,0
200.5906909317032,1,0,1,0,1,0
200.74777056438268,1,0,1,0,1,0
200.90485019706216,1,0,1,1,1,1
201.06192982974164,1,0,1,0,1,0
201.21900946242113,1,1,1,0,1,0
201.3760890951006,1,1,1,0,1,0
201.5331687277801,0,1,0,0,1,1
201.69024836045958,0,1,0,0,1,0
201.84732799313906,0,1,0,0,1,1
202.00440762581854,0,1,0,0,0,1
202.16148725849803,0,1,0,1,0,1
202.3185668911775,0,1,0,1,0,1
202.475646523857,0,1,0,1,0,1
202.63272615653648,0,1,0,1,0,1
202.78980578921596,0,1,0,1,0,1
202.94688542189544,0,1,0,1,0,1
203.10396505457493,0,1,0,1,0,1
203.2610446872544,0,1,0,1,0,1
203.4181243199339,0,1,0,1,0,1
203.57520395261338,0,1,0,1,0,1
203.73228358529286,0,1,0,1,0,1
203.88936321797235,0,1,0,1,0,1
204.04644285065183,0,1,0,1,0,1
204.2035224833313,0,1,0,1,1,1
204.3606021160108,0,1,0,0,1,0
204.51768174869028,0,1,0,1,1,0
204.67476138136976,0,1,0,1,1,0
204.83184101404925,0,1,0,0,1,0
204.98892064672873,1,1,0,0,1,0
205.1460002794082,1,1,1,0,1,0
205.3030799120877,1,0,1,0,1,0
205.46015954476718,1,0,1,0,1,0
205.61723917744666,1,0,1,0,1,0
205.77431881012615,1,0,1,0,1,0
205.93139844280563,1,0,1,0,1,0
206.0884780754851,1,0,1,0,1,0
206.2455577081646,1,0,1,0,1,0
206.40263734084408,1,0,1,0,1,0
206.55971697352356,1,0,1,0,1,0
206.71679660620305,1,0,1,0,1,0
206.87387623888253,1,0,1,0,1,0
207.030955871562,1,0,1,0,1,0
207.1880355042415,1,0,1,0,1,0
207.34511513692098,1,0,1,0,1,0
207.50219476960046,1,0,1,0,1,0
207.65927440227995,1,1,1,0,1,0
207.81635403495943,0,1,0,0,1,0
207.97343366763891,0,1,0,0,1,0
208.1305133003184,0,1,0,0,1,0
208.28759293299788,0,1,0,0,0,1
208.44467256567737,0,1,0,1,0,1
208.60175219835685,0,1,0,1,0,1
208.75883183103633,0,1,0,1,0,1
208.91591146371582,0,1,0,1,0,1
209.0729910963953,0,1,0,1,0,1
209.23007072907478,0,1,0,1,0,1
209.38715036175427,0,1,0,1,0,1
209.54422999443375,0,1,0,1,0,1
209.70130962711323,0,1,0,1,0,1
209.85838925979272,0,1,0,1,0,1
210.0154688924722,0,1,0,1,0,1
210.17254852515168,0,1,0,1,0,1
210.32962815783117,0,1,0,1,0,1
210.48670779051065,0,1,0,1,0,1
210.64378742319013,0,1,0,1,0,0
210.80086705586962,0,1,0,1,1,0
210.9579466885491,0,1,0,1,1,0
211.11502632122858,1,1,1,0,1,0
211.27210595390807,1,0,1,0,1,0
211.42918558658755,1,0,1,0,1,0
211.58626521926703,1,0,1,0,1,0
211.74334485194652,1,0,1,0,1,0
211.900424484626,1,0,1,0,1,0
212.05750411730548,1,0,1,0,1,0
212.21458374998497,1,0,1,0,1,0
212.37166338266445,1,0,1,0,1,0
212.52874301534393,1,0,1,0,1,0
212.68582264802342,1,0,1,0,1,0
212.8429022807029,1,0,1,0,1,0
212.99998191338238,1,0,1,0,1,0
213.15706154606187,1,0,1,0,1,0
213.31414117874135,1,0,1,0,1,0
213.47122081142084,1,0,1,0,1,0
213.62830044410032,1,0,1,0,1,0
213.7853800767798,1,0,1,0,1,0
213.94245970945929,1,0,0,0,1,1
214.09953934213877,1,0,0,0,0,1
214.25661897481825,1,0,0,0,0,1
214.41369860749774,1,0,0,1,0,1
214.57077824017722,1,0,0,1,0,1
214.7278578728567,1,1,0,1,0,1
214.8849375055362,0,1,0,0,0,1
215.04201713821567,0,1,0,1,0,1
215.19909677089515,0,1,0,1,0,1
215.35617640357464,0,1,0,1,0,1
215.51325603625412,0,1,0,1,0,1
215.6703356689336,0,1,0,1,0,1
215.8274153016131,0,1,0,1,0,1
215.98449493429257,0,1,0,1,0,1
216.14157456697205,0,1,0,1,0,1
216.29865419965154,0,1,0,1,0,1
216.45573383233102,1,1,0,1,0,1
216.6128134650105,1,0,0,1,0,1
216.76989309769,1,0,0,0,0,1
216.92697273036947,1,0,0,0,0,1
217.08405236304895,1,0,0,0,0,1
217.24113199572844,1,0,0,0,0,1
217.39821162840792,1,0,0,0,0,1
217.5552912610874,1,0,0,0,0,1
217.7123708937669,1,0,1,0,0,1
217.86945052644637,1,0,1,0,0,1
218.02653015912585,1,0,1,0,0,1
218.18360979180534,1,0,1,0,0,1
218.34068942448482,1,0,0,0,0,1
218.4977690571643,1,0,0,0,0,1
218.6548486898438,1,0,0,0,0,1
218.81192832252327,1,0,1,0,1,1
218.96900795520276,1,0,1,0,1,1
219.12608758788224,1,0,1,0,1,0
219.28316722056172,1,0,1,0,1,0
219.4402468532412,1,0,1,0,1,1
219.5973264859207,1,0,1,0,1,0
219.75440611860017,1,0,1,0,1,0
219.91148575127966,1,0,1,0,1,0
220.06856538395914,1,0,0,0,1,1
220.22564501663862,1,0,0,0,0,1
220.3827246493181,1,0,0,0,0,1
220.5398042819976,1,0,0,0,0,1
220.69688391467707,1,1,0,0,0,1
220.85396354735656,0,1,0,0,0,1
221.01104318003604,0,1,0,1,0,1
221.16812281271552,0,1,0,1,0,1
221.325202445395,0,1,0,1,0,1
221.4822820780745,0,1,0,1,0,1
221.63936171075397,0,1,0,1,0,1
221.79644134343346,1,1,0,1,0,1
221.95352097611294,1,0,0,1,0,1
222.11060060879242,1,0,0,0,0,1
222.2676802414719,1,0,0,0,0,1
222.4247598741514,1,1,0,0,0,1
222.58183950683087,1,0,0,0,0,1
222.73891913951036,1,0,0,0,0,1
222.89599877218984,1,0,0,0,0,1
223.05307840486932,1,1,0,0,0,1
223.2101580375488,1,1,0,0,0,1
223.3672376702283,1,0,0,0,0,1
223.52431730290778,1,0,0,0,0,1
223.68139693558726,1,0,0,0,0,1
223.83847656826674,1,0,0,0,0,1
223.99555620094623,1,0,1,0,0,1
224.1526358336257,1,0,1,0,0,1
224.3097154663052,1,0,1,0,0,1
224.46679509898468,1,0,1,0,0,1
224.62387473166416,1,0,1,0,0,1
224.78095436434364,1,0,1,0,0,1
224.93803399702313,1,0,1,0,0,1
225.0951136297026,1,0,1,0,0,1
225.2521932623821,1,0,1,0,1,1
225.40927289506158,1,0,1,0,1,1
225.56635252774106,1,0,1,0,1,0
225.72343216042054,1,0,1,0,1,1
225.88051179310003,1,0,1,0,1,0
226.0375914257795,1,0,1,0,1,0
226.194671058459,1,0,1,0,1,1
226.35175069113848,1,0,0,0,0,1
226.50883032381796,1,0,0,0,0,1
226.66590995649744,1,0,0,0,0,1
226.82298958917693,0,1,0,0,0,1
226.9800692218564,0,1,0,0,0,1
227.1371488545359,0,1,0,0,0,1
227.29422848721538,1,1,0,1,0,1
227.45130811989486,0,1,0,1,0,1
227.60838775257434,0,1,0,1,0,1
227.76546738525383,0,1,0,1,0,1
227.9225470179333,1,1,0,1,0,1
228.0796266506128,1,1,0,1,0,1
228.23670628329228,1,1,0,1,0,1
228.39378591597176,1,1,0,1,0,1
228.55086554865125,1,1,0,1,0,1
228.70794518133073,1,0,0,1,0,1
228.8650248140102,1,0,0,1,0,1
229.0221044466897,1,0,0,0,0,1
229.17918407936918,1,0,0,0,0,1
229.33626371204866,1,0,0,0,0,1
229.49334334472815,1,0,0,0,0,1
229.65042297740763,1,0,0,0,0,1
229.8075026100871,1,0,0,0,0,1
229.9645822427666,1,0,0,0,0,1
230.12166187544608,1,0,0,0,0,1
230.27874150812556,1,0,1,0,0,1
230.43582114080505,1,0,1,0,0,1
230.59290077348453,1,0,1,0,0,1
230.749980406164,1,0,0,0,0,1
230.9070600388435,1,0,0,0,0,1
231.06413967152298,1,0,0,0,0,1
231.22121930420246,1,0,1,0,0,1
231.37829893688195,1,0,0,0,0,1
231.53537856956143,1,0,0,0,0,1
231.6924582022409,1,0,0,0,0,1
231.8495378349204,1,0,1,0,1,1
232.00661746759988,1,0,1,0,1,1
232.16369710027936,1,0,1,0,1,0
232.32077673295885,1,0,0,0,0,1
232.47785636563833,1,0,1,0,0,1
232.63493599831781,1,0,0,0,0,1
232.7920156309973,1,0,1,0,0,1
232.94909526367678,1,0,1,0,0,1
233.10617489635626,1,0,0,0,0,1
233.26325452903575,1,0,0,0,0,1
233.42033416171523,0,1,0,0,0,1
233.57741379439472,0,1,0,0,0,1
233.7344934270742,0,1,0,0,0,1
233.89157305975368,0,1,0,0,0,1
234.04865269243317,1,1,0,1,0,1
234.20573232511265,1,1,0,1,0,1
234.36281195779213,1,1,0,1,0,1
234.51989159047162,1,1,0,1,0,1
234.6769712231511,1,0,0,0,0,1
234.83405085583058,1,0,0,0,0,1
234.99113048851007,1,1,0,1,0,1
235.14821012118955,1,1,0,0,0,1
235.30528975386903,1,0,0,0,0,1
235.46236938654852,1,0,0,0,0,1
235.619449019228,1,0,0,0,0,1
235.77652865190748,1,0,0,0,0,1
235.93360828458697,1,0,0,0,0,1
236.09068791726645,1,1,0,0,0,1
236.24776754994593,1,0,1,0,0,1
236.40484718262542,1,0,0,0,0,1
236.5619268153049,1,0,1,0,0,1
236.71900644798438,1,0,1,0,0,1
236.87608608066387,1,0,1,0,0,1
237.03316571334335,1,0,1,0,0,1
237.19024534602283,1,0,1,0,0,1
237.34732497870232,1,0,0,0,0,1
237.5044046113818,1,0,1,0,0,1
237.66148424406128,1,0,1,0,0,1
237.81856387674077,1,0,1,0,0,1
237.97564350942025,1,0,1,0,0,1
238.13272314209974,1,0,1,0,0,1
238.28980277477922,1,0,1,0,1,0
238.4468824074587,1,0,1,0,1,1
238.60396204013819,1,0,0,0,0,1
238.76104167281767,1,0,1,0,0,1
238.91812130549715,1,0,0,0,0,1
239.07520093817664,1,0,1,0,0,1
239.23228057085612,1,0,1,0,0,1
239.3893602035356,1,0,1,0,0,1
239.5464398362151,1,0,1,0,0,1
239.70351946889457,0,1,0,0,0,1
239.86059910157405,0,1,0,0,0,1
240.01767873425354,0,1,0,0,0,1
240.17475836693302,0,1,0,0,0,1
240.3318379996125,0,1,0,1,0,1
240.488917632292,0,1,0,1,0,1
240.64599726497147,0,1,0,1,0,1
240.80307689765095,0,1,0,1,0,1
240.96015653033044,1,1,0,1,0,1
241.11723616300992,1,0,0,1,0,1
241.2743157956894,1,0,0,1,0,1
241.4313954283689,1,1,0,0,0,1
241.58847506104837,1,0,0,0,0,1
241.74555469372785,1,1,0,0,0,1
241.90263432640734,1,1,0,0,0,1
242.05971395908682,1,1,0,0,0,1
242.2167935917663,1,1,0,0,0,1
242.3738732244458,1,0,0,0,0,1
242.53095285712527,1,0,1,0,0,1
242.68803248980475,1,0,1,0,0,1
242.84511212248424,1,0,1,0,0,1
243.00219175516372,1,0,1,0,0,1
243.1592713878432,1,0,0,0,0,1
243.3163510205227,1,0,1,0,0,1
243.47343065320217,1,0,1,0,0,1
243.63051028588166,1,0,1,0,1,1
243.78758991856114,1,0,1,0,1,1
243.94466955124062,1,0,1,0,1,1
244.1017491839201,1,0,1,0,1,0
244.2588288165996,1,0,1,0,1,1
244.41590844927907,1,0,1,0,1,1
244.57298808195856,1,0,1,0,1,1
244.73006771463804,1,0,1,0,1,1
244.88714734731752,1,0,1,0,1,1
245.044226979997,1,0,1,0,1,1
245.2013066126765,1,0,1,1,0,1
245.35838624535597,1,0,1,1,0,1
245.51546587803546,1,0,1,0,0,1
245.67254551071494,0,1,1,1,0,1
245.82962514339442,0,1,0,1,0,1
245.9867047760739,0,1,0,1,0,1
246.1437844087534,0,1,0,0,0,1
246.30086404143287,0,1,0,1,0,1
246.45794367411236,0,1,0,1,0,1
246.61502330679184,0,1,0,1,0,1
246.77210293947132,0,1,0,0,0,1
246.9291825721508,0,1,0,1,0,1
247.0862622048303,0,1,0,1,0,1
247.24334183750977,0,1,0,1,0,1
247.40042147018926,0,1,0,1,0,1
247.55750110286874,0,1,0,1,0,1
247.71458073554822,0,1,0,1,0,1
247.8716603682277,0,1,0,1,0,1
248.0287400009072,0,1,0,1,0,1
248.18581963358668,0,1,0,1,0,1
248.34289926626616,0,1,0,1,0,1
248.49997889894564,0,1,0,1,0,0
248.65705853162513,0,1,1,1,1,1
248.8141381643046,0,1,1,1,1,1
248.9712177969841,1,0,1,0,1,0
249.12829742966358,1,0,1,0,1,0
249.28537706234306,1,0,1,0,1,0
249.44245669502254,1,0,1,0,1,0
249.59953632770203,1,0,1,0,1,0
249.7566159603815,1,0,1,0,1,0
249.913695593061,1,0,1,0,1,0
250.07077522574048,1,0,1,0,1,0
250.22785485841996,1,0,1,0,1,0
250.38493449109944,1,0,1,0,1,0
250.54201412377893,1,0,1,0,1,0
250.6990937564584,1,0,1,0,1,0
250.8561733891379,1,0,1,0,1,0
251.01325302181738,1,0,1,0,1,0
251.17033265449686,1,0,1,0,1,0
251.32741228717634,1,0,1,0,1,0
251.48449191985583,1,0,1,0,1,0
251.6415715525353,1,0,1,0,1,0
251.7986511852148,1,0,1,0,1,0
251.95573081789428,1,1,1,1,1,1
252.11281045057376,0,1,0,0,0,1
252.26989008325324,0,1,0,0,0,1
252.42696971593273,0,1,0,1,0,1
252.5840493486122,0,1,0,1,0,1
252.7411289812917,0,1,0,1,0,1
252.89820861397118,0,1,0,1,0,1
253.05528824665066,0,1,0,1,0,1
253.21236787933015,0,1,0,1,0,1
253.36944751200963,0,1,0,1,0,1
253.5265271446891,0,1,0,1,0,1
253.6836067773686,0,1,0,1,0,1
253.84068641004808,0,1,0,1,0,1
253.99776604272756,0,1,0,1,0,1
254.15484567540705,0,1,0,1,0,1
254.31192530808653,0,1,0,1,0,1
254.469004940766,0,1,0,1,0,1
254.6260845734455,0,1,0,1,0,1
254.78316420612498,0,1,0,1,0,0
254.94024383880446,0,1,0,1,1,0
255.09732347148395,1,1,1,0,1,0
255.25440310416343,1,1,1,0,1,0
255.4114827368429,1,0,1,0,1,0
255.5685623695224,1,0,1,0,1,0
255.72564200220188,1,0,1,0,1,0
255.88272163488136,1,0,1,0,1,0
256.03980126756085,1,0,1,0,1,0
256.19688090024033,1,0,1,0,1,0
256.3539605329198,1,0,1,0,1,0
256.5110401655993,1,0,1,0,1,0
256.6681197982788,1,0,1,0,1,0
256.82519943095826,1,0,1,0,1,0
256.98227906363775,1,0,1,0,0,1
257.13935869631723,1,0,1,0,0,1
257.2964383289967,1,0,1,1,1,1
257.4535179616762,1,0,1,1,1,1
257.6105975943557,1,0,1,1,1,1
257.76767722703516,1,0,1,1,1,1
257.92475685971465,0,0,1,1,1,1
258.08183649239413,0,0,1,1,1,1
258.2389161250736,1,0,1,1,1,1
258.3959957577531,1,0,1,1,1,1
258.5530753904326,1,0,1,1,1,1
258.71015502311207,0,0,1,1,1,1
258.86723465579155,0,0,1,1,1,1
259.02431428847103,0,0,1,1,1,1
259.1813939211505,0,1,1,1,1,1
259.33847355383,0,1,0,1,1,1
259.4955531865095,0,1,0,1,1,1
259.65263281918897,0,1,0,1,1,1
259.80971245186845,0,1,0,1,1,1
259.96679208454793,0,1,0,1,1,1
260.1238717172274,0,1,0,1,1,1
260.2809513499069,0,1,0,1,1,1
260.4380309825864,0,1,0,1,1,1
260.59511061526587,1,1,0,1,1,1
260.75219024794535,1,1,0,1,1,1
260.90926988062483,1,1,0,1,1,1
261.0663495133043,1,0,0,1,1,1
261.2234291459838,1,0,0,1,1,1
261.3805087786633,1,0,1,1,1,1
261.53758841134277,1,0,1,1,1,1
261.69466804402225,1,0,1,1,1,1
261.85174767670173,1,0,1,1,1,1
262.0088273093812,1,0,1,1,1,1
262.1659069420607,0,0,1,1,1,1
262.3229865747402,1,0,0,1,1,1
262.48006620741967,1,0,1,1,1,1
262.63714584009915,1,0,1,1,1,1
262.79422547277863,1,0,1,1,1,1
262.9513051054581,1,0,1,1,1,1
263.1083847381376,1,0,0,1,1,1
263.2654643708171,1,0,1,1,1,1
263.42254400349657,1,0,1,1,1,1
263.57962363617605,1,0,1,1,1,1
263.73670326885554,1,0,1,1,1,1
263.893782901535,1,0,1,1,1,1
264.0508625342145,1,0,1,1,1,1
264.207942166894,1,0,1,1,1,1
264.36502179957347,1,0,1,1,1,1
264.52210143225295,1,1,1,1,1,1
264.67918106493244,0,1,0,0,0,1
264.8362606976119,0,1,0,0,0,1
264.9933403302914,0,1,0,0,0,1
265.1504199629709,0,1,0,0,0,1
265.30749959565037,0,1,0,0,0,1
265.46457922832985,0,1,0,1,0,1
265.62165886100934,0,1,0,1,0,1
265.7787384936888,0,1,0,1,0,1
265.9358181263683,0,1,0,1,0,1
266.0928977590478,0,1,0,1,0,1
266.24997739172727,0,1,0,1,0,1
266.40705702440675,0,1,0,1,0,1
266.56413665708624,0,1,0,1,0,1
266.7212162897657,0,1,0,1,0,1
266.8782959224452,0,1,0,1,0,1
267.0353755551247,0,1,0,1,0,1
267.19245518780417,0,1,0,1,0,1
267.34953482048365,0,1,0,1,0,1
267.50661445316314,0,1,0,1,0,1
267.6636940858426,0,1,1,1,1,1
267.8207737185221,1,0,1,0,1,0
267.9778533512016,1,0,1,0,1,0
268.1349329838811,1,0,1,0,1,0
268.29201261656056,1,0,1,0,1,0
268.44909224924004,1,0,1,0,1,0
268.6061718819195,1,0,1,0,1,0
268.763251514599,1,0,1,0,1,0
268.9203311472785,1,0,1,0,1,0
269.077410779958,1,0,1,0,1,0
269.23449041263746,1,0,1,0,1,0
269.39157004531694,1,0,1,0,1,0
269.5486496779964,1,0,1,0,1,0
269.7057293106759,1,0,1,0,1,0
269.8628089433554,1,0,1,0,1,0
270.0198885760349,1,0,1,0,1,0
270.17696820871436,1,0,1,0,1,0
270.33404784139384,1,0,1,0,1,0
270.4911274740733,1,0,1,0,1,0
270.6482071067528,1,0,0,0,1,1
270.8052867394323,1,1,0,0,0,1
270.9623663721118,1,1,0,0,0,1
271.11944600479126,0,1,0,0,0,1
271.27652563747074,0,1,0,0,0,1
271.4336052701502,0,1,0,0,0,1
271.5906849028297,0,1,0,1,0,1
271.7477645355092,0,1,0,1,0,1
271.9048441681887,0,1,0,0,0,1
272.06192380086816,0,1,0,1,0,1
272.21900343354764,0,1,0,1,0,1
272.3760830662271,0,1,0,1,0,1
272.5331626989066,0,1,0,1,0,1
272.6902423315861,0,1,0,1,0,1
272.8473219642656,0,1,0,1,0,1
273.00440159694506,0,1,0,1,0,1
273.16148122962454,0,1,0,1,0,1
273.318560862304,0,1,0,1,0,1
273.4756404949835,0,1,0,1,0,1
273.632720127663,0,1,0,1,0,1
273.7897997603425,0,1,0,1,0,1
273.94687939302196,1,1,1,0,0,1
274.10395902570144,1,0,1,0,0,1
274.2610386583809,1,0,1,0,1,1
274.4181182910604,1,0,1,0,1,0
274.5751979237399,1,0,1,0,1,0
274.7322775564194,1,0,1,0,1,0
274.88935718909886,1,0,1,0,1,0
275.04643682177834,1,0,1,0,1,0
275.2035164544578,1,0,1,0,1,0
275.3605960871373,1,0,1,0,1,0
275.5176757198168,1,0,1,0,1,0
275.6747553524963,1,0,1,0,1,0
275.83183498517576,1,0,1,0,1,0
275.98891461785524,1,0,1,0,1,0
276.1459942505347,1,0,1,0,1,0
276.3030738832142,1,0,1,0,1,0
276.4601535158937,1,0,1,1,1,0
276.6172331485732,0,0,1,1,0,0
276.77431278125266,0,0,1,1,0,0
276.93139241393214,1,1,1,1,0,0
277.0884720466116,0,1,1,1,0,1
277.2455516792911,0,1,0,0,0,1
277.4026313119706,0,1,0,1,0,1
277.5597109446501,0,1,0,1,0,1
277.71679057732956,0,1,0,1,0,1
277.87387021000904,0,1,0,1,0,1
278.0309498426885,0,1,0,0,0,1
278.188029475368,0,1,0,1,0,1
278.3451091080475,0,1,0,1,0,1
278.502188740727,0,1,0,1,0,1
278.65926837340646,0,1,0,1,0,1
278.81634800608595,0,1,0,1,0,1
278.97342763876543,0,1,0,1,0,1
279.1305072714449,0,1,0,1,0,1
279.2875869041244,0,1,0,1,0,1
279.4446665368039,0,1,0,1,0,1
279.60174616948336,0,1,0,1,0,1
279.75882580216285,0,1,0,1,0,1
279.91590543484233,0,1,0,1,0,1
280.0729850675218,0,1,1,1,0,1
280.2300647002013,0,0,1,1,0,0
280.3871443328808,1,0,1,1,1,1
280.54422396556026,1,0,1,1,1,1
280.70130359823975,1,0,1,0,1,0
280.85838323091923,1,0,1,0,1,0
281.0154628635987,1,0,1,0,1,0
281.1725424962782,1,0,1,0,1,0
281.3296221289577,1,0,1,0,1,0
281.48670176163716,1,0,1,0,1,0
281.64378139431665,0,0,1,1,1,0
281.80086102699613,1,0,1,1,0,0
281.9579406596756,0,0,1,1,0,0
282.1150202923551,0,0,1,1,0,0
282.2720999250346,0,0,1,1,0,0
282.42917955771406,0,0,1,1,1,0
282.58625919039355,0,0,1,1,1,0
282.74333882307303,0,0,1,1,0,0
282.9004184557525,0,0,1,1,0,0
283.057498088432,0,0,1,1,0,0
283.2145777211115,0,0,1,1,0,0
283.37165735379097,0,0,1,1,0,1
283.52873698647045,0,0,1,1,0,0
283.68581661914993,0,1,1,1,0,0
283.8428962518294,0,1,1,1,0,1
283.9999758845089,0,1,0,0,0,1
284.1570555171884,0,1,0,0,0,1
284.31413514986787,0,1,0,0,0,1
284.47121478254735,0,1,0,0,0,1
284.62829441522683,0,1,0,1,0,1
284.7853740479063,0,1,0,1,0,1
284.9424536805858,0,1,0,1,0,1
285.0995333132653,1,1,0,1,0,1
285.25661294594477,1,1,0,1,0,1
285.41369257862425,1,0,0,0,0,1
285.57077221130373,1,0,0,0,0,1
285.7278518439832,1,1,0,0,0,1
285.8849314766627,1,1,0,0,0,1
286.0420111093422,1,1,0,0,0,1
286.19909074202167,1,0,1,0,0,1
286.35617037470115,1,0,1,0,0,1
286.51325000738063,1,0,1,0,0,1
286.6703296400601,1,0,1,0,0,1
286.8274092727396,1,0,1,0,0,1
286.9844889054191,1,0,1,0,0,1
287.14156853809857,1,0,1,0,0,1
287.29864817077805,1,0,1,0,1,1
287.45572780345753,1,0,1,0,1,0
287.612807436137,1,0,1,0,1,0
287.7698870688165,1,0,1,0,1,0
287.926966701496,1,0,1,0,1,0
288.08404633417547,1,0,1,0,1,0
288.24112596685495,1,0,1,0,1,0
288.39820559953444,1,0,1,0,1,0
288.5552852322139,1,0,1,0,1,0
288.7123648648934,1,0,1,0,1,0
288.8694444975729,1,0,1,1,1,0
289.02652413025237,1,0,1,1,0,0
289.18360376293185,0,0,1,1,0,0
289.34068339561134,0,0,1,1,0,1
289.4977630282908,0,0,1,1,0,1
289.6548426609703,0,0,1,1,0,1
289.8119222936498,0,0,1,1,0,1
289.96900192632927,0,0,1,1,0,0
290.12608155900875,0,1,1,1,0,0
290.28316119168824,0,1,1,1,0,1
290.4402408243677,0,1,1,1,0,1
290.5973204570472,0,1,1,1,0,1
290.7544000897267,0,1,0,0,0,1
290.91147972240617,0,1,0,0,0,1
291.06855935508565,1,1,0,1,0,1
291.22563898776514,1,1,0,1,0,1
291.3827186204446,1,1,0,1,0,1
291.5397982531241,1,1,0,0,0,1
291.6968778858036,1,1,0,0,0,1
291.85395751848307,1,1,0,0,0,1
292.01103715116255,1,1,0,0,0,1
292.16811678384204,1,0,0,0,0,1
292.3251964165215,1,1,0,0,0,1
292.482276049201,1,0,1,0,0,1
292.6393556818805,1,0,1,0,0,1
292.79643531456,1,0,1,0,0,1
292.95351494723946,1,0,1,0,0,1
293.11059457991894,1,0,1,0,0,1
293.2676742125984,1,0,1,0,0,1
293.4247538452779,1,0,1,0,1,1
293.5818334779574,1,0,1,0,1,0
293.7389131106369,1,0,1,0,1,0
293.89599274331636,1,0,1,0,1,0
294.05307237599584,1,0,1,0,1,0
294.2101520086753,1,0,1,0,1,0
294.3672316413548,1,0,1,0,1,0
294.5243112740343,1,0,1,0,1,0
294.6813909067138,1,0,1,0,1,0
294.83847053939326,1,0,1,1,1,0
294.99555017207274,1,0,1,1,1,0
295.1526298047522,1,0,1,1,1,0
295.3097094374317,0,0,1,1,0,0
295.4667890701112,0,0,1,1,0,0
295.6238687027907,0,0,1,1,0,0
295.78094833547016,0,0,1,1,0,1
295.93802796814964,0,0,1,1,0,1
296.0951076008291,0,0,1,1,0,1
296.2521872335086,0,0,1,1,0,0
296.4092668661881,0,0,1,1,0,0
296.5663464988676,0,0,1,1,0,1
296.72342613154706,0,0,1,1,0,0
296.88050576422654,0,0,1,1,0,0
297.037585396906,0,1,1,1,0,1
297.1946650295855,0,1,0,1,0,1
297.351744662265,0,1,0,1,0,1
297.5088242949445,0,1,0,1,0,1
297.66590392762396,0,1,0,1,0,1
297.82298356030344,1,1,0,0,0,1
297.9800631929829,1,1,0,0,0,1
298.1371428256624,1,0,0,0,0,1
298.2942224583419,1,0,0,0,0,1
298.4513020910214,1,1,0,0,0,1
298.60838172370086,1,1,1,0,0,1
298.76546135638034,1,0,1,0,0,1
298.9225409890598,1,0,1,0,0,1
299.0796206217393,1,0,1,0,0,1
299.2367002544188,1,0,1,0,0,1
299.3937798870983,1,0,1,0,0,1
299.55085951977776,1,0,1,0,1,1
299.70793915245724,1,0,1,0,1,0
299.8650187851367,1,0,1,0,1,0
300.0220984178162,1,0,1,0,1,0
300.1791780504957,1,0,1,0,1,0
300.3362576831752,1,0,1,0,1,0
300.49333731585466,1,0,1,0,1,0
300.65041694853414,1,0,1,0,1,0
300.8074965812136,1,0,1,0,1,0
300.9645762138931,1,0,1,0,1,0
301.1216558465726,1,0,1,1,1,0
301.2787354792521,1,0,1,1,1,0
301.43581511193156,1,0,1,0,1,0
301.59289474461104,1,0,1,1,1,0
301.7499743772905,0,0,1,1,0,0
301.90705400997,0,0,1,1,0,0
302.0641336426495,0,0,1,1,0,0
302.221213275329,0,0,1,1,0,1
302.37829290800846,0,0,1,1,0,1
302.53537254068794,0,0,1,1,0,1
302.6924521733674,0,0,1,1,0,1
302.8495318060469,0,1,0,1,0,1
303.0066114387264,0,1,1,1,0,1
303.1636910714059,0,1,1,1,0,1
303.32077070408536,0,1,0,1,0,1
303.47785033676485,0,1,0,1,0,1
303.63492996944433,0,1,1,1,0,1
303.7920096021238,0,1,0,1,0,1
303.9490892348033,0,1,0,1,0,1
304.1061688674828,0,1,0,1,0,1
304.26324850016226,0,1,0,1,0,1
304.42032813284175,1,1,0,1,0,1
304.57740776552123,1,0,0,0,0,1
304.7344873982007,1,1,0,0,0,1
304.8915670308802,1,1,0,0,0,1
305.0486466635597,1,0,1,0,0,1
305.20572629623916,1,0,1,0,0,1
305.36280592891865,1,0,0,0,0,1
305.51988556159813,1,0,1,0,0,1
305.6769651942776,1,0,1,0,1,1
305.8340448269571,1,0,1,0,1,0
305.9911244596366,1,0,1,0,1,0
306.14820409231606,1,0,1,0,1,0
306.30528372499555,1,0,1,0,1,0
306.46236335767503,1,0,1,0,1,0
306.6194429903545,1,0,1,0,1,0
306.776522623034,1,0,1,0,1,0
306.9336022557135,1,0,1,0,1,0
307.09068188839296,1,0,1,0,1,0
307.24776152107245,1,0,1,1,1,0
307.40484115375193,1,0,1,1,1,0
307.5619207864314,1,0,1,1,1,0
307.7190004191109,1,0,1,0,1,0
307.8760800517904,1,0,1,1,1,0
308.03315968446987,0,0,1,1,0,0
308.19023931714935,0,0,1,1,0,0
308.34731894982883,0,0,1,1,0,1
308.5043985825083,0,0,1,1,0,1
308.6614782151878,0,0,1,1,0,0
308.8185578478673,0,0,1,1,0,1
308.97563748054677,0,0,1,1,0,1
309.13271711322625,0,1,1,1,0,1
309.28979674590573,0,1,0,1,0,1
309.4468763785852,0,1,0,1,0,1
309.6039560112647,0,1,1,1,0,1
309.7610356439442,0,1,0,1,0,1
309.91811527662367,0,1,0,1,0,1
310.07519490930315,0,1,0,1,0,1
310.23227454198263,0,1,0,1,0,1
310.3893541746621,0,1,0,1,0,1
310.5464338073416,0,1,0,1,0,1
310.7035134400211,0,1,0,1,0,1
310.86059307270057,0,1,0,1,0,1
311.01767270538005,0,1,0,1,0,1
311.17475233805953,1,1,1,1,0,1
311.331831970739,1,0,1,1,0,1
311.4889116034185,1,0,1,0,0,1
311.645991236098,1,0,1,0,1,1
311.80307086877747,1,0,1,0,1,0
311.96015050145695,1,0,1,0,1,0
312.11723013413643,0,0,1,0,1,0
312.2743097668159,0,0,1,0,1,0
312.4313893994954,1,0,1,0,1,0
312.5884690321749,0,0,1,0,1,0
312.74554866485437,1,0,1,0,1,0
312.90262829753385,1,0,1,0,1,0
313.05970793021334,1,0,1,0,1,0
313.2167875628928,1,0,1,0,1,0
313.3738671955723,1,0,1,0,1,0
313.5309468282518,1,0,1,0,1,0
313.68802646093127,1,0,1,1,1,0
313.84510609361075,1,0,1,1,1,0
314.00218572629024,1,0,1,1,1,0
314.1592653589697,0,0,1,1,0,0
314.3163449916492,0,0,1,1,0,0
314.4734246243287,0,0,1,1,0,0
314.63050425700817,0,0,1,1,0,0
314.78758388968765,0,0,1,1,0,0
314.94466352236714,0,0,1,1,0,1
315.1017431550466,0,1,1,1,0,1
315.2588227877261,0,1,0,1,0,1
315.4159024204056,0,1,0,1,0,1
315.57298205308507,0,1,0,1,0,1
315.73006168576455,0,1,0,0,0,1
315.88714131844404,0,1,0,0,0,1
316.0442209511235,0,1,0,1,0,1
316.201300583803,0,1,0,1,0,1
316.3583802164825,0,1,0,1,0,1
316.51545984916197,0,1,0,1,0,1
316.67253948184145,0,1,0,1,0,1
316.82961911452094,0,1,0,1,0,1
316.9866987472004,0,1,0,1,0,1
317.1437783798799,0,1,0,1,0,1
317.3008580125594,0,1,0,1,0,1
317.45793764523887,0,1,0,1,0,1
317.61501727791835,0,1,0,1,0,1
317.77209691059784,0,1,0,1,1,1
317.9291765432773,0,0,1,0,1,0
318.0862561759568,0,0,1,0,1,0
318.2433358086363,1,0,1,0,1,0
318.4004154413158,1,0,1,0,1,0
318.55749507399526,1,0,1,0,1,0
318.71457470667474,1,0,1,0,1,0
318.8716543393542,1,0,1,0,1,0
319.0287339720337,1,0,1,0,1,0
319.1858136047132,1,0,1,0,1,0
319.3428932373927,1,0,1,0,1,0
319.49997287007216,1,0,1,0,1,0
319.65705250275164,1,0,1,0,1,0
319.8141321354311,1,0,1,0,1,0
319.9712117681106,1,0,1,1,1,0
320.1282914007901,1,0,1,1,1,0
320.2853710334696,1,0,1,0,1,0
320.44245066614906,1,0,1,1,1,0
320.59953029882854,0,0,1,1,0,0
320.756609931508,0,0,1,1,0,0
320.9136895641875,0,1,1,1,0,0
321.070769196867,0,0,1,1,0,0
321.2278488295465,0,0,1,1,0,0
321.38492846222596,0,0,1,1,0,0
321.54200809490544,0,1,1,1,0,1
321.6990877275849,0,1,0,0,0,1
321.8561673602644,0,1,0,0,0,1
322.0132469929439,0,1,0,1,0,1
322.1703266256234,0,1,0,1,0,1
322.32740625830286,0,1,0,1,0,1
322.48448589098234,0,1,0,1,0,1
322.6415655236618,0,1,0,1,0,1
322.7986451563413,0,1,0,1,0,1
322.9557247890208,0,1,0,1,0,1
323.1128044217003,0,1,0,1,0,1
323.26988405437976,0,1,0,1,0,1
323.42696368705924,0,1,0,1,0,1
323.5840433197387,0,1,0,1,0,1
323.7411229524182,0,1,0,1,0,1
323.8982025850977,0,1,1,1,1,0
324.0552822177772,0,0,1,0,1,0
324.21236185045666,1,0,1,0,1,0
324.36944148313614,1,0,1,0,1,0
324.5265211158156,1,0,1,0,1,0
324.6836007484951,1,0,1,0,1,0
324.8406803811746,1,0,1,0,1,0
324.9977600138541,1,0,1,0,1,0
325.15483964653356,1,0,1,0,1,0
325.31191927921304,1,0,1,0,1,0
325.4689989118925,1,0,1,0,1,0
325.626078544572,1,0,1,0,1,0
325.7831581772515,1,0,1,0,1,0
325.940237809931,1,0,1,0,1,0
326.09731744261046,1,0,1,0,1,0
326.25439707528994,1,0,1,0,1,0
326.4114767079694,1,0,1,0,1,0
326.5685563406489,1,0,1,0,1,0
326.7256359733284,1,0,1,0,1,0
326.8827156060079,1,0,1,0,1,0
327.03979523868736,1,0,1,1,1,0
327.19687487136684,0,1,1,1,0,0
327.3539545040463,0,1,1,1,1,0
327.5110341367258,0,1,1,1,1,1
327.6681137694053,0,1,0,0,0,1
327.8251934020848,0,1,0,0,0,1
327.98227303476426,0,1,0,0,0,1
328.13935266744375,0,1,0,1,0,1
328.29643230012323,0,1,0,1,0,1
328.4535119328027,0,1,0,1,0,1
328.6105915654822,0,1,0,1,0,1
328.7676711981617,0,1,0,1,0,1
328.92475083084116,0,1,0,1,0,1
329.08183046352065,0,1,0,1,0,1
329.23891009620013,0,1,0,1,0,1
329.3959897288796,0,1,0,1,0,1
329.5530693615591,0,1,0,1,0,1
329.7101489942386,1,1,0,1,0,1
329.86722862691806,1,0,0,0,0,1
330.02430825959755,1,0,0,0,0,1
330.18138789227703,1,1,0,0,0,1
330.3384675249565,1,1,0,0,0,1
330.495547157636,1,1,0,0,0,1
330.6526267903155,1,0,1,0,0,1
330.80970642299496,1,0,1,0,1,1
330.96678605567445,1,0,1,0,1,0
331.12386568835393,1,0,1,0,1,0
331.2809453210334,1,0,1,0,1,0
331.4380249537129,1,0,1,0,1,0
331.5951045863924,1,0,1,0,1,0
331.75218421907186,1,0,1,0,1,0
331.90926385175135,1,0,1,0,1,0
332.06634348443083,1,0,1,0,1,1
332.2234231171103,1,0,1,0,1,1
332.3805027497898,1,0,1,0,1,1
332.5375823824693,1,0,1,0,1,0
332.69466201514877,1,0,1,0,1,0
332.85174164782825,1,0,1,0,1,0
333.00882128050773,1,0,1,0,1,0
333.1659009131872,1,0,1,0,1,0
333.3229805458667,1,0,1,0,1,0
333.4800601785462,1,0,1,0,1,0
333.63713981122567,1,0,1,0,1,0
333.79421944390515,0,1,0,0,0,1
333.95129907658463,0,1,0,0,0,1
334.1083787092641,0,1,0,0,0,1
334.2654583419436,0,1,0,0,0,1
334.4225379746231,0,1,0,0,0,1
334.57961760730257,0,1,0,1,0,1
334.73669723998205,0,1,0,1,0,1
334.89377687266153,0,1,0,1,0,1
335.050856505341,0,1,0,1,0,1
335.2079361380205,1,1,0,1,0,1
335.3650157707,1,1,0,1,0,1
335.52209540337947,1,1,0,0,0,1
335.67917503605895,1,0,0,0,0,1
335.83625466873843,1,0,0,0,0,1
335.9933343014179,1,0,0,0,0,1
336.1504139340974,1,0,0,0,0,1
336.3074935667769,1,0,0,0,0,1
336.46457319945637,1,0,0,0,0,1
336.62165283213585,1,1,0,0,0,1
336.77873246481533,1,0,1,0,0,1
336.9358120974948,1,0,1,0,0,1
337.0928917301743,1,0,1,0,0,1
337.2499713628538,1,0,1,0,0,1
337.40705099553327,1,0,1,0,0,1
337.56413062821275,1,0,0,0,0,1
337.72121026089224,1,0,1,0,0,1
337.8782898935717,1,0,1,0,0,1
338.0353695262512,1,0,1,0,0,1
338.1924491589307,1,0,1,0,1,1
338.34952879161017,1,0,1,0,1,1
338.50660842428965,1,0,1,0,1,1
338.66368805696914,1,0,1,0,1,0
338.8207676896486,1,0,1,0,1,0
338.9778473223281,1,0,1,0,1,0
339.1349269550076,1,0,1,0,1,1
339.29200658768707,1,0,1,0,1,0
339.44908622036655,1,0,0,0,0,1
339.60616585304604,1,0,1,0,0,1
339.7632454857255,1,1,0,0,0,1
339.920325118405,0,1,0,0,0,1
340.0774047510845,0,1,0,0,0,1
340.23448438376397,0,1,0,0,0,1
340.39156401644345,0,1,0,0,0,1
340.54864364912294,0,1,0,0,0,1
340.7057232818024,0,1,0,0,0,1
340.8628029144819,0,1,0,0,0,1
341.0198825471614,1,1,0,0,0,1
341.17696217984087,1,1,0,0,0,1
341.33404181252035,1,0,0,1,0,1
341.49112144519984,1,0,0,1,0,1
341.6482010778793,1,0,0,1,0,1
341.8052807105588,1,0,0,0,0,1
341.9623603432383,1,0,0,0,0,1
342.11943997591777,1,1,0,0,0,1
342.27651960859725,1,0,0,0,0,1
342.43359924127674,1,1,0,0,0,1
342.5906788739562,1,0,0,0,0,1
342.7477585066357,1,1,0,0,0,1
342.9048381393152,1,1,0,0,0,1
343.0619177719947,1,0,0,0,0,1
343.21899740467416,1,0,1,0,0,1
343.37607703735364,1,0,1,0,0,1
343.5331566700331,1,0,1,0,0,1
343.6902363027126,1,0,1,0,0,1
343.8473159353921,1,0,1,0,0,1
344.0043955680716,1,0,1,0,0,1
344.16147520075106,1,0,1,0,0,1
344.31855483343054,1,0,1,0,0,1
344.47563446611,1,0,1,0,0,1
344.6327140987895,1,0,1,0,0,1
344.789793731469,1,0,1,0,1,1
344.9468733641485,1,0,1,0,1,1
345.10395299682796,1,0,1,0,1,0
345.26103262950744,1,0,1,0,1,1
345.4181122621869,1,0,1,0,1,1
345.5751918948664,1,0,1,0,1,1
345.7322715275459,1,0,1,0,0,1
345.8893511602254,1,0,1,0,0,1
346.04643079290486,1,0,1,0,0,1
346.20351042558434,1,1,0,0,0,1
346.3605900582638,0,1,0,0,0,1
346.5176696909433,0,1,0,0,0,1
346.6747493236228,0,1,0,0,0,1
346.8318289563023,0,1,0,0,0,1
346.98890858898176,0,1,0,0,0,1
347.14598822166124,0,1,0,0,0,1
347.3030678543407,0,1,0,0,0,1
347.4601474870202,0,1,0,0,0,1
347.6172271196997,0,1,0,0,0,1
347.7743067523792,1,1,0,0,0,1
347.93138638505866,1,0,0,1,0,1
348.08846601773814,1,0,0,1,0,1
348.2455456504176,1,0,0,0,0,1
348.4026252830971,1,0,0,0,0,1
348.5597049157766,1,0,0,0,0,1
348.7167845484561,1,0,0,0,0,1
348.87386418113556,1,0,0,0,0,1
349.03094381381504,1,0,0,0,0,1
349.1880234464945,1,0,0,0,0,1
349.345103079174,1,1,1,0,0,1
349.5021827118535,1,0,1,0,0,1
349.659262344533,1,0,1,0,0,1
349.81634197721246,1,0,1,0,0,1
349.97342160989194,1,0,1,0,0,1
350.1305012425714,1,0,1,0,0,1
350.2875808752509,1,0,1,0,0,1
350.4446605079304,1,0,1,0,0,1
350.6017401406099,1,0,1,0,0,1
350.75881977328936,1,0,1,0,0,1
350.91589940596884,1,0,1,0,0,1
351.0729790386483,1,0,1,0,1,1
351.2300586713278,1,0,1,0,1,1
351.3871383040073,1,0,1,0,1,0
351.5442179366868,1,0,1,0,1,1
351.70129756936626,1,0,1,0,1,1
351.85837720204574,1,0,1,0,0,1
352.0154568347252,1,0,1,0,0,1
352.1725364674047,1,0,1,0,0,1
352.3296161000842,1,0,1,0,0,1
352.4866957327637,1,1,0,0,0,1
352.64377536544316,0,1,0,0,0,1
352.80085499812265,0,1,0,0,0,1
352.95793463080213,0,1,0,0,0,1
353.1150142634816,0,1,0,0,0,1
353.2720938961611,0,1,0,0,0,1
353.4291735288406,0,1,0,0,0,1
353.58625316152006,0,1,0,0,0,1
353.74333279419955,1,0,0,1,0,1
353.90041242687903,1,0,0,1,0,1
354.0574920595585,1,0,0,1,0,1
354.214571692238,1,0,0,0,0,1
354.3716513249175,1,0,0,0,0,1
354.52873095759696,1,0,0,0,0,1
354.68581059027645,1,0,0,0,0,1
354.84289022295593,1,0,0,0,0,1
354.9999698556354,1,0,0,0,0,1
355.1570494883149,1,0,0,0,0,1
355.3141291209944,1,0,0,0,0,1
355.47120875367386,1,0,0,0,0,1
355.62828838635335,1,1,1,0,0,1
355.78536801903283,1,0,1,0,0,1
355.9424476517123,1,0,1,0,0,1
356.0995272843918,1,0,1,0,0,1
356.2566069170713,1,0,1,0,0,1
356.41368654975076,1,0,1,0,0,1
356.57076618243025,1,0,1,0,0,1
356.72784581510973,1,0,1,0,0,1
356.8849254477892,1,0,1,0,0,1
357.0420050804687,1,0,1,0,0,1
357.1990847131482,1,0,1,0,0,1
357.35616434582766,1,0,1,0,0,1
357.51324397850715,1,0,1,0,1,1
357.67032361118663,1,0,1,0,1,1
357.8274032438661,1,0,1,0,1,1
357.9844828765456,1,0,1,0,1,1
358.1415625092251,1,0,1,0,0,1
358.29864214190457,1,0,1,0,0,1
358.45572177458405,1,0,1,0,0,1
358.61280140726353,1,0,1,0,0,1
358.769881039943,0,1,0,0,0,1
358.9269606726225,0,1,0,0,0,1
359.084040305302,0,1,0,0,0,1
359.24111993798147,0,1,0,0,0,1
359.39819957066095,0,1,0,0,0,1
359.55527920334043,0,1,0,0,0,1
359.7123588360199,0,1,0,0,0,1
359.8694384686994,0,1,0,0,0,1
360.0265181013789,0,1,0,0,0,1
360.18359773405837,1,1,0,0,0,1
360.34067736673785,1,0,0,1,0,1
360.49775699941733,1,0,0,0,0,1
360.6548366320968,1,0,0,0,0,1
360.8119162647763,1,0,0,0,0,1
360.9689958974558,1,0,0,0,0,1
361.12607553013527,1,0,0,0,0,1
361.28315516281475,1,0,0,0,0,1
361.44023479549423,1,0,0,0,0,1
361.5973144281737,1,1,0,0,0,1
361.7543940608532,1,1,0,0,0,1
361.9114736935327,1,1,0,0,0,1
362.06855332621217,1,0,1,0,0,1
362.22563295889165,1,0,1,0,0,1
362.38271259157113,1,0,1,0,0,1
362.5397922242506,1,0,1,0,0,1
362.6968718569301,1,0,1,0,0,1
362.8539514896096,1,0,1,0,0,1
363.01103112228907,1,0,1,0,0,1
363.16811075496855,1,0,1,0,0,1
363.32519038764804,1,0,1,0,0,1
363.4822700203275,1,0,1,0,0,1
363.639349653007,1,0,1,0,0,1
363.7964292856865,1,0,1,0,1,1
363.95350891836597,1,0,1,0,1,1
364.11058855104545,1,0,1,0,1,1
364.26766818372494,1,0,1,0,1,1
364.4247478164044,1,0,1,0,1,1
364.5818274490839,1,0,1,0,0,1
364.7389070817634,1,0,1,0,0,1
364.89598671444287,1,1,1,0,0,1
365.05306634712235,0,1,0,0,0,1
365.21014597980184,0,1,0,0,0,1
365.3672256124813,0,1,0,0,0,1
365.5243052451608,0,1,0,0,0,1
365.6813848778403,0,1,0,0,0,1
365.83846451051977,0,1,0,0,0,1
365.99554414319925,0,1,0,0,0,1
366.15262377587874,0,1,0,0,0,1
366.3097034085582,1,1,0,1,0,1
366.4667830412377,1,0,0,1,0,1
366.6238626739172,1,0,0,0,0,1
366.78094230659667,1,0,0,0,0,1
366.93802193927615,1,0,0,0,0,1
367.09510157195564,1,0,0,0,0,1
367.2521812046351,1,0,0,0,0,1
367.4092608373146,1,0,0,0,0,1
367.5663404699941,1,0,0,0,0,1
367.7234201026736,1,0,0,0,0,1
367.88049973535306,1,0,0,0,0,1
368.03757936803254,1,0,0,0,0,1
368.194659000712,1,1,1,0,0,1
368.3517386333915,1,0,1,0,0,1
368.508818266071,1,0,1,0,0,1
368.6658978987505,1,0,1,0,0,1
368.82297753142996,1,0,1,0,0,1
368.98005716410944,1,0,1,0,0,1
369.1371367967889,1,0,1,0,0,1
369.2942164294684,1,0,1,0,0,1
369.4512960621479,1,0,1,0,0,1
369.6083756948274,1,0,1,0,0,1
369.76545532750686,1,0,1,0,0,1
369.92253496018634,1,0,1,0,0,1
370.0796145928658,1,0,1,0,1,1
370.2366942255453,1,0,1,0,1,1
370.3937738582248,1,0,1,0,1,1
370.5508534909043,1,0,1,0,0,1
370.70793312358376,1,0,1,0,1,1
370.86501275626324,1,0,1,0,0,1
371.0220923889427,1,0,1,0,0,1
371.1791720216222,1,1,0,0,0,1
371.3362516543017,0,1,0,0,0,1
371.4933312869812,0,1,0,0,0,1
371.65041091966066,0,1,0,0,0,1
371.80749055234014,0,1,0,0,0,1
371.9645701850196,0,1,0,0,0,1
372.1216498176991,0,1,0,0,0,1
372.2787294503786,0,1,0,0,0,1
372.4358090830581,0,1,0,0,0,1
372.59288871573756,0,1,0,0,0,1
372.74996834841704,1,1,0,1,1,1
372.9070479810965,1,1,0,1,1,1
373.064127613776,1,0,0,1,0,1
373.2212072464555,1,0,0,0,0,1
373.378286879135,1,0,0,0,0,1
373.53536651181446,1,0,0,0,0,1
373.69244614449394,1,0,0,0,0,1
373.8495257771734,1,0,0,0,0,1
374.0066054098529,1,0,0,0,0,1
374.1636850425324,1,0,0,0,0,1
374.3207646752119,1,0,0,0,0,1
374.47784430789136,1,0,0,0,0,1
374.63492394057084,1,1,1,0,0,1
374.7920035732503,1,1,1,0,0,1
374.9490832059298,1,0,1,0,0,1
375.1061628386093,1,0,1,0,0,1
375.2632424712888,1,0,1,0,0,1
375.42032210396826,1,0,0,0,0,1
375.57740173664774,1,0,0,0,0,1
375.7344813693272,1,0,0,0,0,1
375.8915610020067,1,0,0,0,0,1
376.0486406346862,1,0,0,0,0,1
376.2057202673657,1,0,1,0,1,1
376.36279990004516,1,0,1,0,1,1
376.51987953272464,1,0,1,0,1,1
376.6769591654041,1,0,1,0,1,1
376.8340387980836,1,0,1,0,1,1
376.9911184307631,1,0,0,0,0,1
377.1481980634426,1,0,1,0,0,1
377.30527769612206,1,1,0,0,0,1
377.46235732880155,0,1,0,0,0,1
377.61943696148103,0,1,0,0,0,1
377.7765165941605,0,1,0,0,0,1
377.93359622684,0,1,0,0,0,1
378.0906758595195,0,1,0,0,0,1
378.24775549219896,0,1,0,0,0,1
378.40483512487845,0,1,0,0,0,1
378.56191475755793,0,1,0,1,0,1
378.7189943902374,0,1,0,1,0,1
378.8760740229169,0,1,0,1,0,1
379.0331536555964,0,1,0,1,0,1
379.19023328827586,0,1,0,1,0,1
379.34731292095535,0,1,0,1,0,1
379.50439255363483,0,1,0,1,0,1
379.6614721863143,0,1,0,1,0,1
379.8185518189938,0,1,0,1,0,1
379.9756314516733,0,1,0,1,0,1
380.13271108435276,0,1,0,1,0,1
380.28979071703225,1,0,0,0,0,1
380.44687034971173,1,0,0,0,0,1
380.6039499823912,1,0,0,0,0,1
380.7610296150707,1,0,0,0,0,1
380.9181092477502,1,0,0,0,0,1
381.07518888042966,1,0,0,0,0,1
381.23226851310915,1,0,1,0,0,1
381.38934814578863,1,0,1,0,0,1
381.5464277784681,1,0,1,0,1,1
381.7035074111476,1,0,1,0,1,1
381.8605870438271,1,0,1,0,1,1
382.01766667650656,1,0,1,0,1,0
382.17474630918605,1,0,1,0,1,1
382.33182594186553,1,0,1,0,1,1
382.488905574545,1,0,1,0,1,0
382.6459852072245,1,0,1,0,1,0
382.803064839904,1,0,1,0,1,0
382.96014447258347,1,0,1,0,1,0
383.11722410526295,1,0,1,0,1,0
383.27430373794243,1,0,1,0,1,1
383.4313833706219,1,0,0,0,1,1
383.5884630033014,1,0,0,0,0,1
383.7455426359809,1,0,0,0,0,1
383.90262226866037,1,1,0,0,0,1
384.05970190133985,0,1,0,0,0,1
384.21678153401933,0,1,0,1,0,1
384.3738611666988,0,1,0,1,0,1
384.5309407993783,0,1,0,1,0,1
384.6880204320578,0,1,0,1,0,1
384.84510006473727,0,1,0,1,0,1
385.00217969741675,0,1,0,1,0,1
385.15925933009623,0,1,0,1,0,1
385.3163389627757,0,1,0,1,0,1
385.4734185954552,0,1,0,1,0,1
385.6304982281347,0,1,0,1,0,1
385.78757786081417,0,1,0,1,0,1
385.94465749349365,0,1,0,1,0,1
386.10173712617313,0,1,0,1,0,1
386.2588167588526,0,1,0,1,0,1
386.4158963915321,0,1,0,1,0,1
386.5729760242116,0,1,0,1,0,1
386.73005565689107,0,1,1,1,0,1
386.88713528957055,1,1,1,1,0,1
387.04421492225003,1,0,1,1,0,1
387.2012945549295,0,0,1,1,1,0
387.358374187609,1,0,1,0,1,0
387.5154538202885,1,0,1,0,1,0
387.67253345296797,1,0,1,0,1,0
387.82961308564745,1,0,1,0,1,0
387.98669271832694,1,0,1,0,1,0
388.1437723510064,1,0,1,0,1,0
388.3008519836859,1,0,1,0,1,0
388.4579316163654,1,0,1,0,1,0
388.61501124904487,1,0,1,0,1,0
388.77209088172435,1,0,1,0,1,0
388.92917051440384,1,0,1,0,1,0
389.0862501470833,1,0,1,0,1,0
389.2433297797628,1,0,1,0,1,0
389.4004094124423,1,0,1,0,1,0
389.55748904512177,1,0,1,0,1,0
389.71456867780125,1,0,1,1,1,0
389.87164831048074,0,0,1,1,0,1
390.0287279431602,0,0,1,1,0,1
390.1858075758397,0,0,1,1,0,0
390.3428872085192,0,0,1,1,0,0
390.49996684119867,0,0,1,1,0,1
390.65704647387815,0,1,1,1,0,1
390.81412610655764,0,1,0,1,0,1
390.9712057392371,0,1,0,1,0,1
391.1282853719166,0,1,0,1,0,1
391.2853650045961,0,1,0,1,0,1
391.44244463727557,0,1,0,1,0,1
391.59952426995505,0,1,0,1,0,1
391.75660390263454,0,1,0,1,0,1
391.913683535314,0,1,0,1,0,1
392.0707631679935,0,1,0,1,0,1
392.227842800673,0,1,0,1,0,1
392.3849224333525,0,1,0,1,0,1
392.54200206603196,0,1,0,1,0,1
392.69908169871144,0,1,0,1,0,1
392.8561613313909,0,1,1,1,0,1
393.0132409640704,1,0,1,1,0,1
393.1703205967499,1,0,1,1,0,1
393.3274002294294,1,0,1,1,1,1
393.48447986210886,1,0,1,0,1,0
393.64155949478834,1,0,1,0,1,0
393.7986391274678,0,0,1,0,1,0
393.9557187601473,1,0,1,0,1,0
394.1127983928268,1,0,1,0,1,0
394.2698780255063,1,0,1,0,1,0
394.42695765818576,1,0,1,0,1,0
394.58403729086524,1,0,1,0,1,0
394.7411169235447,1,0,1,0,1,0
394.8981965562242,1,0,1,0,1,0
395.0552761889037,1,0,1,0,1,0
395.2123558215832,1,0,1,0,1,0
395.36943545426266,1,0,1,0,1,0
395.52651508694214,1,0,1,0,1,0
395.6835947196216,1,0,1,0,1,0
395.8406743523011,1,0,1,0,1,0
395.9977539849806,1,0,1,0,1,0
396.1548336176601,1,0,1,1,1,0
396.31191325033956,0,0,1,1,0,0
396.46899288301904,0,0,1,1,1,1
396.6260725156985,0,0,1,1,0,1
396.783152148378,0,0,1,1,0,1
396.9402317810575,0,0,1,1,0,1
397.097311413737,0,0,1,1,0,1
397.25439104641646,0,1,0,1,0,1
397.41147067909594,0,1,0,1,0,1
397.5685503117754,0,1,0,1,0,1
397.7256299444549,0,1,0,1,0,1
397.8827095771344,0,1,0,1,0,1
398.0397892098139,0,1,0,1,0,1
398.19686884249336,0,1,0,1,0,1
398.35394847517284,0,1,0,1,0,1
398.5110281078523,0,1,0,1,0,1
398.6681077405318,0,1,0,1,0,1
398.8251873732113,0,1,0,1,0,1
398.9822670058908,0,1,0,1,0,1
399.13934663857026,0,1,0,1,0,1
399.29642627124974,0,1,1,1,0,1
399.4535059039292,0,1,1,1,0,1
399.6105855366087,1,0,1,1,1,0
399.7676651692882,1,0,1,0,1,0
399.9247448019677,0,0,1,0,1,0
400.08182443464716,1,0,1,0,1,0
400.23890406732664,1,0,1,0,1,0
400.3959837000061,1,0,1,0,1,0
400.5530633326856,1,0,1,0,1,0
400.7101429653651,1,0,1,0,1,0
400.8672225980446,1,0,1,0,1,0
401.02430223072406,1,0,1,0,1,0
401.18138186340354,1,0,1,0,1,0
401.338461496083,1,0,1,0,1,0
401.4955411287625,1,0,1,0,1,0
401.652620761442,1,0,1,0,1,0
401.8097003941215,1,0,1,0,1,0
401.96678002680096,1,0,1,0,1,0
402.12385965948044,1,0,1,0,1,0
402.2809392921599,1,0,1,0,1,0
402.4380189248394,1,0,1,1,1,0
402.5950985575189,0,0,1,1,0,0
402.7521781901984,0,0,1,1,0,1
402.90925782287786,0,0,1,1,0,1
403.06633745555735,0,0,1,1,0,0
403.22341708823683,0,1,1,1,0,1
403.3804967209163,0,1,0,1,0,1
403.5375763535958,0,1,0,1,0,1
403.6946559862753,0,1,0,1,0,1
403.85173561895476,0,1,0,1,0,1
404.00881525163425,0,1,0,1,0,1
404.16589488431373,0,1,0,1,0,1
404.3229745169932,0,1,0,1,0,1
404.4800541496727,0,1,0,1,0,1
404.6371337823522,0,1,0,1,0,1
404.79421341503166,0,1,0,1,0,1
404.95129304771115,0,1,0,1,0,1
405.10837268039063,0,1,0,1,0,1
405.2654523130701,0,1,0,1,0,1
405.4225319457496,0,1,0,1,0,1
405.5796115784291,0,1,0,1,0,1
405.73669121110856,1,1,1,1,0,1
405.89377084378805,1,0,1,0,1,1
406.05085047646753,0,0,1,0,1,0
406.207930109147,0,0,1,0,1,0
406.3650097418265,0,0,1,0,1,0
406.522089374506,0,0,1,0,1,0
406.67916900718546,0,0,1,0,1,0
406.83624863986495,1,0,1,0,1,0
406.99332827254443,1,0,1,0,1,0
407.1504079052239,1,0,1,0,1,0
407.3074875379034,1,0,1,0,1,0
407.4645671705829,1,0,1,0,1,0
407.62164680326237,1,0,1,0,1,0
407.77872643594185,1,0,1,0,1,0
407.93580606862133,1,0,1,0,1,0
408.0928857013008,1,0,1,0,1,0
408.2499653339803,1,0,1,0,1,0
408.4070449666598,1,0,1,0,1,0
408.56412459933927,1,0,1,0,1,0
408.72120423201875,1,0,1,0,1,0
408.87828386469823,1,0,1,0,1,0
409.0353634973777,1,0,1,0,1,0
409.1924431300572,1,1,0,0,0,1
409.3495227627367,0,1,0,0,0,1
409.50660239541617,0,1,0,0,0,1
409.66368202809565,0,1,0,0,0,1
409.82076166077513,0,1,0,1,0,1
409.9778412934546,0,1,0,1,0,1
410.1349209261341,0,1,0,1,0,1
410.2920005588136,0,1,0,1,0,1
410.44908019149307,0,1,0,1,0,1
410.60615982417255,0,1,0,1,0,1
410.76323945685203,0,1,0,1,0,1
410.9203190895315,0,1,0,1,0,1
411.077398722211,0,1,0,1,0,1
411.2344783548905,0,1,0,1,0,1
411.39155798756997,0,1,0,1,0,1
411.54863762024945,0,1,0,1,1,1
411.70571725292893,0,1,0,0,1,0
411.8627968856084,0,1,0,0,1,0
412.0198765182879,0,1,1,0,1,1
412.1769561509674,0,0,1,0,1,0
412.33403578364687,0,0,1,0,1,0
412.49111541632635,0,0,1,0,1,0
412.64819504900584,0,0,1,0,1,0
412.8052746816853,0,0,1,0,1,0
412.9623543143648,0,0,1,0,1,0
413.1194339470443,0,0,1,0,1,0
413.27651357972377,1,0,1,0,1,0
413.43359321240325,1,0,1,0,1,0
413.59067284508274,1,0,1,0,1,0
413.7477524777622,1,0,1,0,1,0
413.9048321104417,1,0,1,0,1,0
414.0619117431212,1,0,1,0,1,0
414.21899137580067,1,0,1,0,1,0
414.37607100848015,1,0,1,0,1,0
414.53315064115964,1,0,1,0,1,0
414.6902302738391,1,0,1,0,1,0
414.8473099065186,1,1,1,0,1,0
415.0043895391981,1,1,1,0,1,0
415.16146917187757,0,1,0,0,1,0
415.31854880455705,0,1,0,0,1,0
415.47562843723654,0,1,0,0,1,1
415.632708069916,0,1,0,0,0,1
415.7897877025955,0,1,0,0,0,1
415.946867335275,0,1,0,1,0,1
416.10394696795447,0,1,0,1,0,1
416.26102660063395,0,1,0,1,0,1
416.41810623331344,0,1,0,1,0,1
416.5751858659929,0,1,0,1,0,1
416.7322654986724,0,1,0,1,0,1
416.8893451313519,0,1,0,1,0,1
417.04642476403137,0,1,0,1,0,1
417.20350439671085,0,1,0,1,0,1
417.36058402939034,0,1,0,1,0,1
417.5176636620698,0,1,0,1,0,1
417.6747432947493,0,1,0,1,1,1
417.8318229274288,0,1,0,1,1,1
417.9889025601083,0,1,0,1,1,0
418.14598219278776,0,1,0,0,1,0
418.30306182546724,0,1,0,0,1,0
418.4601414581467,0,1,1,0,1,0
418.6172210908262,0,1,1,0,1,0
418.7743007235057,1,0,1,0,1,0
418.9313803561852,1,0,1,0,1,0
419.08845998886466,1,0,1,0,1,0
419.24553962154414,1,0,1,0,1,0
419.4026192542236,1,0,1,0,1,0
419.5596988869031,1,0,1,0,1,0
419.7167785195826,1,0,1,0,1,0
419.8738581522621,1,0,1,0,1,0
420.03093778494156,1,0,1,0,1,0
420.18801741762104,1,0,1,0,1,0
420.3450970503005,1,0,1,0,1,0
420.50217668298,1,0,1,0,1,0
420.6592563156595,1,0,1,0,1,0
420.816335948339,1,0,1,0,1,0
420.97341558101846,1,0,1,0,1,0
421.13049521369794,1,0,1,0,1,0
421.2875748463774,1,0,1,0,1,0
421.4446544790569,1,1,1,0,1,0
421.6017341117364,0,1,0,0,1,1
421.7588137444159,0,1,0,1,0,1
421.91589337709536,0,1,0,1,0,1
422.07297300977484,0,1,0,1,0,1
422.2300526424543,0,1,0,1,0,1
422.3871322751338,0,1,0,1,0,1
422.5442119078133,0,1,0,1,0,1
422.7012915404928,0,1,0,1,0,1
422.85837117317226,0,1,0,1,0,1
423.01545080585174,0,1,0,1,0,1
423.1725304385312,0,1,0,1,0,1
423.3296100712107,0,1,0,1,0,1
423.4866897038902,0,1,0,1,0,1
423.6437693365697,0,1,0,1,0,1
423.80084896924916,0,1,0,1,0,1
423.95792860192864,0,1,0,1,0,1
424.1150082346081,0,1,0,1,0,1
424.2720878672876,1,1,0,1,0,1
424.4291674999671,1,0,0,1,0,1
424.5862471326466,1,0,0,0,1,1
424.74332676532606,1,0,0,0,1,1
424.90040639800554,1,0,1,0,1,0
425.057486030685,1,0,1,0,1,0
425.2145656633645,1,0,1,0,1,0
425.371645296044,1,0,1,0,1,0
425.5287249287235,1,0,1,0,1,0
425.68580456140296,1,0,1,0,1,0
425.84288419408244,1,0,1,0,1,0
425.9999638267619,1,0,1,0,1,0
426.1570434594414,1,0,1,0,1,0
426.3141230921209,1,0,1,0,1,0
426.4712027248004,1,0,1,0,1,0
426.62828235747986,1,0,1,0,1,0
426.78536199015934,1,0,1,0,1,0
426.9424416228388,1,0,1,0,1,0
427.0995212555183,1,0,1,0,1,0
427.2566008881978,1,0,1,0,1,0
427.4136805208773,1,0,1,1,1,0
427.57076015355676,0,0,1,1,0,0
427.72783978623625,0,0,1,1,0,0
427.88491941891573,0,0,1,1,0,1
428.0419990515952,0,0,1,1,0,0
428.1990786842747,0,1,1,1,0,1
428.3561583169542,0,1,0,1,0,1
428.51323794963366,0,1,0,1,0,1
428.67031758231315,0,1,0,1,0,1
428.82739721499263,0,1,0,1,0,1
428.9844768476721,0,1,0,1,0,1
429.1415564803516,0,1,0,1,0,1
429.2986361130311,1,1,0,1,0,1
429.45571574571056,1,1,0,1,0,1
429.61279537839005,1,1,0,1,0,1
429.76987501106953,1,0,0,1,0,1
429.926954643749,1,0,0,1,0,1
430.0840342764285,1,0,0,0,0,1
430.241113909108,1,0,0,0,0,1
430.39819354178746,1,0,0,0,0,1
430.55527317446695,1,0,0,0,0,1
430.71235280714643,1,0,0,0,0,1
430.8694324398259,1,0,1,0,0,1
431.0265120725054,1,0,0,0,0,1
431.1835917051849,1,0,0,0,0,1
431.34067133786436,1,0,0,0,1,1
431.49775097054385,1,0,0,0,0,1
431.65483060322333,1,0,1,0,1,1
431.8119102359028,1,0,1,0,1,1
431.9689898685823,1,0,1,0,1,0
432.1260695012618,1,0,1,0,1,0
432.28314913394127,1,0,1,0,1,0
432.44022876662075,1,0,1,0,1,0
432.59730839930023,1,0,1,0,1,0
432.7543880319797,1,0,1,0,1,0
432.9114676646592,1,0,1,1,1,0
433.0685472973387,1,0,1,1,1,0
433.22562693001817,1,0,1,1,0,0
433.38270656269765,1,0,1,1,1,0
433.53978619537713,0,0,1,1,0,0
433.6968658280566,0,0,1,1,0,0
433.8539454607361,0,0,1,1,0,0
434.0110250934156,0,0,1,1,0,0
434.16810472609507,0,0,1,1,0,0
434.32518435877455,0,0,1,1,0,0
434.48226399145403,0,0,1,1,0,0
434.6393436241335,0,0,1,1,0,0
434.796423256813,0,0,1,1,0,1
434.9535028894925,0,0,1,1,0,1
435.11058252217197,0,0,1,1,0,0
435.26766215485145,0,1,1,1,0,1
435.42474178753093,0,1,0,1,0,1
435.5818214202104,0,1,0,1,0,1
435.7389010528899,0,1,0,1,0,1
435.8959806855694,0,1,0,1,0,1
436.05306031824887,0,1,0,1,0,1
436.21013995092835,0,1,0,1,0,1
436.36721958360783,0,1,0,1,0,1
436.5242992162873,1,1,0,1,0,1
436.6813788489668,1,0,0,1,0,1
436.8384584816463,1,0,0,0,0,1
436.99553811432577,1,0,0,1,0,1
437.15261774700525,1,0,1,1,0,1
437.30969737968474,1,0,1,1,0,1
437.4667770123642,1,0,1,1,0,1
437.6238566450437,1,0,1,0,1,1
437.7809362777232,1,0,1,0,1,0
437.93801591040267,1,0,1,0,1,0
438.09509554308215,1,0,1,0,1,0
438.25217517576164,1,0,1,0,1,0
438.4092548084411,1,0,1,0,1,0
438.5663344411206,1,0,1,0,1,0
438.7234140738001,1,0,1,0,1,0
438.88049370647957,1,0,1,0,1,0
439.03757333915905,1,0,1,0,1,0
439.19465297183854,1,0,1,0,1,0
439.351732604518,1,0,1,0,1,0
439.5088122371975,1,0,1,0,1,0
439.665891869877,1,0,1,0,1,0
439.82297150255647,1,0,1,1,1,0
439.98005113523595,0,0,1,1,0,0
440.13713076791544,0,0,1,1,0,0
440.2942104005949,0,0,1,1,0,0
440.4512900332744,0,0,1,1,0,0
440.6083696659539,0,0,1,1,0,0
440.76544929863337,0,0,1,1,0,1
440.92252893131285,0,1,0,1,0,1
441.07960856399234,0,1,0,1,0,1
441.2366881966718,0,1,0,1,0,1
441.3937678293513,0,1,0,1,0,1
441.5508474620308,0,1,0,1,0,1
441.70792709471027,0,1,0,1,0,1
441.86500672738975,0,1,0,1,0,1
442.02208636006924,0,1,0,1,0,1
442.1791659927487,0,1,0,1,0,1
442.3362456254282,0,1,0,1,0,1
442.4933252581077,0,1,0,1,0,1
442.6504048907872,0,1,0,1,0,1
442.80748452346666,0,1,0,1,0,1
442.96456415614614,0,1,0,1,0,1
443.1216437888256,0,1,0,1,0,1
443.2787234215051,0,1,0,1,0,1
443.4358030541846,0,1,0,1,1,1
443.5928826868641,1,1,1,0,1,0
443.74996231954356,0,0,1,0,1,0
443.90704195222304,1,0,1,0,1,0
444.0641215849025,0,0,1,0,1,0
444.221201217582,0,0,1,0,1,0
444.3782808502615,1,0,1,0,1,0
444.535360482941,1,0,1,0,1,0
444.69244011562046,1,0,1,0,1,0
444.84951974829994,1,0,1,0,1,0
445.0065993809794,1,0,1,0,1,0
445.1636790136589,1,0,1,0,1,0
445.3207586463384,1,0,1,0,1,0
445.4778382790179,1,0,1,0,1,0
445.63491791169736,1,0,1,0,1,0
445.79199754437684,1,0,1,0,1,0
445.9490771770563,1,0,1,0,1,0
446.1061568097358,1,0,1,0,1,0
446.2632364424153,1,0,1,0,1,0
446.4203160750948,1,0,1,0,1,0
446.57739570777426,1,0,1,0,1,0
446.73447534045374,1,0,1,0,1,1
446.8915549731332,0,1,0,0,0,1
447.0486346058127,0,1,0,1,0,1
447.2057142384922,0,1,0,1,0,1
447.3627938711717,0,1,0,1,0,1
447.51987350385116,0,1,0,1,0,1
447.67695313653064,0,1,0,1,0,1
447.8340327692101,0,1,0,1,0,1
447.9911124018896,0,1,0,1,0,1
448.1481920345691,0,1,0,1,0,1
448.3052716672486,0,1,0,1,0,1
448.46235129992806,0,1,0,1,0,1
448.61943093260754,0,1,0,1,0,1
448.776510565287,0,1,0,1,0,1
448.9335901979665,0,1,0,1,0,1
449.090669830646,0,1,0,1,0,1
449.2477494633255,0,1,0,1,0,1
449.40482909600496,1,1,0,1,0,1
449.56190872868444,1,0,0,0,0,1
449.7189883613639,1,0,0,0,0,1
449.8760679940434,1,0,0,0,0,1
450.0331476267229,1,0,0,0,1,1
450.1902272594024,1,0,0,0,0,1
450.34730689208186,1,0,1,0,1,0
450.50438652476134,1,0,1,0,1,0
450.6614661574408,1,0,1,0,1,0
450.8185457901203,1,0,1,0,1,0
450.9756254227998,1,0,1,0,1,0
451.1327050554793,1,0,1,0,1,0
451.28978468815876,1,0,1,0,1,0
451.44686432083824,1,0,1,0,1,0
451.6039439535177,1,0,1,0,1,0
451.7610235861972,1,0,1,0,1,0
451.9181032188767,1,0,1,0,1,0
452.0751828515562,1,0,1,0,1,0
452.23226248423566,1,0,1,0,1,0
452.38934211691515,1,0,1,0,1,0
452.54642174959463,1,0,1,0,1,0
452.7035013822741,1,0,1,0,1,1
452.8605810149536,1,0,1,1,0,1
453.0176606476331,1,1,1,1,0,1
453.17474028031256,0,1,0,1,0,1
453.33181991299205,0,1,0,1,0,1
453.48889954567153,0,1,0,1,0,1
453.645979178351,0,1,0,1,0,1
453.8030588110305,0,1,0,1,0,1
453.96013844371,0,1,0,1,0,1
454.11721807638946,0,1,0,1,0,1
454.27429770906895,0,1,0,1,0,1
454.43137734174843,0,1,0,1,0,1
454.5884569744279,0,1,0,1,0,1
454.7455366071074,0,1,0,1,0,1
454.9026162397869,0,1,0,1,0,1
455.05969587246636,0,1,0,1,0,1
455.21677550514585,0,1,0,1,0,1
455.37385513782533,0,1,0,1,0,1
455.5309347705048,0,1,0,1,0,1
455.6880144031843,0,1,0,1,0,1
455.8450940358638,1,1,0,1,0,1
456.00217366854326,1,0,0,0,0,1
456.15925330122275,1,0,0,0,1,1
456.31633293390223,1,0,0,0,1,1
456.4734125665817,1,0,1,0,1,1
456.6304921992612,0,0,1,0,1,0
456.7875718319407,0,0,1,0,1,0
456.94465146462016,1,0,1,0,1,0
457.10173109729965,1,0,1,0,1,0
457.25881072997913,1,0,1,0,1,0
457.4158903626586,1,0,1,0,1,0
457.5729699953381,1,0,1,0,1,0
457.7300496280176,1,0,1,0,1,0
457.88712926069707,1,0,1,0,1,0
458.04420889337655,1,0,1,0,1,0
458.20128852605603,1,0,1,0,1,0
458.3583681587355,1,0,1,0,1,0
458.515447791415,1,0,1,0,1,0
458.6725274240945,1,0,1,0,1,0
458.82960705677397,1,0,1,0,1,0
458.98668668945345,1,0,1,0,1,0
459.14376632213293,1,0,1,0,1,0
459.3008459548124,1,1,1,1,0,1
459.4579255874919,0,1,0,1,0,1
459.6150052201714,0,1,0,1,0,1
459.77208485285087,0,1,0,1,0,1
459.92916448553035,0,1,0,1,0,1
460.08624411820983,0,1,0,1,0,1
460.2433237508893,0,1,0,1,0,1
460.4004033835688,0,1,0,1,0,1
460.5574830162483,0,1,0,1,0,1
460.71456264892777,0,1,0,1,0,1
460.87164228160725,0,1,0,1,0,1
461.02872191428673,0,1,0,1,0,1
461.1858015469662,0,1,0,1,0,1
461.3428811796457,0,1,0,1,0,1
461.4999608123252,0,1,0,1,0,1
461.65704044500467,0,1,0,1,0,1
461.81412007768415,0,1,0,1,0,1
461.97119971036363,0,1,0,1,0,1
462.1282793430431,0,1,0,1,0,1
462.2853589757226,1,1,1,1,0,1
462.4424386084021,1,0,1,0,1,1
462.59951824108157,1,0,1,0,1,1
462.75659787376105,0,0,1,0,1,0
462.91367750644054,0,0,1,0,1,0
463.07075713912,1,0,1,0,1,0
463.2278367717995,0,0,1,0,1,0
463.384916404479,1,0,1,0,1,0
463.54199603715847,1,0,1,0,1,0
463.69907566983795,1,0,1,0,1,0
463.85615530251744,1,0,1,0,1,0
464.0132349351969,1,0,1,0,1,0
464.1703145678764,1,0,1,0,1,0
464.3273942005559,1,0,1,0,1,0
464.48447383323537,1,0,1,0,1,0
464.64155346591485,1,0,1,0,1,0
464.79863309859434,1,0,1,0,1,0
464.9557127312738,1,0,1,0,1,0
465.1127923639533,1,0,1,0,1,0
465.2698719966328,1,0,1,0,1,0
465.42695162931227,1,0,1,0,1,0
465.58403126199175,1,1,0,1,0,1
465.74111089467124,0,1,0,1,0,1
465.8981905273507,0,1,0,1,0,1
466.0552701600302,0,1,0,1,0,1
466.2123497927097,0,1,0,1,0,1
466.36942942538917,0,1,0,1,0,1
466.52650905806865,0,1,0,1,0,1
466.68358869074814,0,1,0,1,0,1
466.8406683234276,0,1,0,1,0,1
466.9977479561071,0,1,0,1,0,1
467.1548275887866,0,1,0,1,0,1
467.3119072214661,0,1,0,1,0,1
467.46898685414556,0,1,0,1,0,1
467.62606648682504,0,1,0,1,0,1
467.7831461195045,0,1,0,1,0,1
467.940225752184,0,1,0,1,0,1
468.0973053848635,0,1,0,1,0,1
468.254385017543,0,1,0,1,0,1
468.41146465022246,1,1,1,1,0,1
468.56854428290194,1,1,1,1,0,1
468.7256239155814,1,1,1,1,0,1
468.8827035482609,0,0,1,0,1,0
469.0397831809404,1,0,1,0,1,0
469.1968628136199,1,0,1,0,1,0
469.35394244629936,1,0,1,0,1,0
469.51102207897884,1,0,1,0,1,0
469.6681017116583,0,0,1,0,1,0
469.8251813443378,0,0,1,0,1,0
469.9822609770173,0,0,1,0,1,0
470.1393406096968,1,0,1,0,1,0
470.29642024237626,1,0,1,0,1,0
470.45349987505574,1,0,1,0,1,0
470.6105795077352,1,0,1,0,1,0
470.7676591404147,1,0,1,0,1,0
470.9247387730942,1,0,1,0,1,0
471.0818184057737,1,0,1,0,1,0
471.23889803845316,1,0,1,0,1,0
471.39597767113264,1,0,1,0,1,0
471.5530573038121,1,0,1,0,1,0
471.7101369364916,1,0,1,0,1,0
471.8672165691711,1,1,1,1,1,1
