Timestamp,Contact_1,Contact_2,Contact_3,Contact_4,Contact_5,Contact_6
122.0,0.0,0.0,1.0,1.0,1.0,1.0
122.05,0.0,0.0,1.0,1.0,1.0,1.0
122.1,0.0,0.0,1.0,1.0,1.0,1.0
122.14999999999999,0.0,0.0,1.0,1.0,1.0,1.0
122.19999999999999,0.0,0.0,1.0,1.0,1.0,1.0
122.24999999999999,0.0,0.0,1.0,1.0,1.0,1.0
122.29999999999998,0.0,0.0,1.0,1.0,1.0,1.0
122.34999999999998,0.0,0.0,1.0,1.0,1.0,1.0
122.39999999999998,0.0,0.0,1.0,1.0,1.0,1.0
122.44999999999997,0.0,0.0,1.0,1.0,1.0,1.0
122.49999999999997,0.0,0.0,1.0,1.0,1.0,1.0
122.54999999999997,0.0,0.0,1.0,1.0,1.0,1.0
122.59999999999997,0.0,0.0,1.0,1.0,1.0,1.0
122.64999999999996,0.0,0.0,1.0,1.0,1.0,1.0
122.69999999999996,0.0,0.0,1.0,1.0,1.0,1.0
122.74999999999996,0.0,0.0,1.0,1.0,1.0,1.0
122.79999999999995,0.0,0.0,1.0,1.0,1.0,1.0
122.84999999999995,0.0,0.0,1.0,1.0,1.0,1.0
122.89999999999995,0.0,0.0,1.0,1.0,1.0,1.0
122.94999999999995,1.0,1.0,1.0,1.0,1.0,1.0
122.99999999999994,1.0,1.0,1.0,1.0,1.0,1.0
123.04999999999994,1.0,1.0,1.0,1.0,1.0,1.0
123.09999999999994,1.0,1.0,1.0,1.0,1.0,1.0
123.14999999999993,1.0,1.0,1.0,1.0,1.0,1.0
123.19999999999993,1.0,0.0,1.0,1.0,1.0,1.0
123.24999999999993,1.0,0.0,1.0,1.0,1.0,1.0
123.29999999999993,1.0,0.0,1.0,1.0,1.0,1.0
123.34999999999992,1.0,0.0,1.0,1.0,1.0,1.0
123.39999999999992,1.0,0.0,1.0,1.0,1.0,1.0
123.44999999999992,1.0,0.0,1.0,1.0,1.0,1.0
123.49999999999991,1.0,0.0,1.0,1.0,1.0,1.0
123.54999999999991,1.0,0.0,1.0,1.0,1.0,1.0
123.59999999999991,1.0,0.0,1.0,1.0,1.0,1.0
123.6499999999999,1.0,0.0,1.0,1.0,1.0,1.0
123.6999999999999,1.0,0.0,1.0,1.0,1.0,1.0
123.7499999999999,1.0,0.0,1.0,1.0,1.0,1.0
123.7999999999999,1.0,0.0,1.0,1.0,1.0,1.0
123.8499999999999,1.0,0.0,1.0,1.0,1.0,1.0
123.89999999999989,1.0,0.0,1.0,1.0,1.0,1.0
123.94999999999989,1.0,0.0,1.0,1.0,1.0,1.0
123.99999999999989,1.0,0.0,1.0,1.0,1.0,1.0
124.04999999999988,1.0,0.0,1.0,1.0,1.0,1.0
124.09999999999988,1.0,0.0,1.0,1.0,1.0,1.0
124.14999999999988,1.0,0.0,1.0,1.0,1.0,1.0
124.19999999999987,1.0,0.0,1.0,1.0,1.0,1.0
124.24999999999987,1.0,0.0,1.0,1.0,1.0,1.0
124.29999999999987,1.0,0.0,1.0,1.0,1.0,1.0
124.34999999999987,1.0,0.0,1.0,0.0,1.0,1.0
124.39999999999986,1.0,0.0,1.0,0.0,1.0,1.0
124.44999999999986,1.0,0.0,1.0,0.0,1.0,1.0
124.49999999999986,1.0,0.0,1.0,0.0,1.0,1.0
124.54999999999986,1.0,0.0,1.0,0.0,1.0,1.0
124.59999999999985,1.0,0.0,1.0,0.0,1.0,1.0
124.64999999999985,1.0,0.0,1.0,0.0,1.0,1.0
124.69999999999985,1.0,0.0,1.0,0.0,1.0,1.0
124.74999999999984,1.0,0.0,1.0,0.0,1.0,1.0
124.79999999999984,1.0,0.0,1.0,0.0,1.0,1.0
124.84999999999984,1.0,0.0,1.0,0.0,1.0,1.0
124.89999999999984,1.0,0.0,1.0,0.0,1.0,1.0
124.94999999999983,1.0,0.0,1.0,0.0,1.0,1.0
124.99999999999983,1.0,0.0,1.0,0.0,1.0,1.0
125.04999999999983,1.0,0.0,1.0,0.0,1.0,1.0
125.09999999999982,1.0,0.0,1.0,0.0,1.0,1.0
125.14999999999982,1.0,0.0,1.0,0.0,1.0,1.0
125.19999999999982,1.0,0.0,1.0,0.0,1.0,1.0
125.24999999999982,1.0,0.0,1.0,0.0,1.0,1.0
125.29999999999981,1.0,0.0,1.0,0.0,1.0,1.0
125.34999999999981,1.0,0.0,1.0,0.0,1.0,1.0
125.3999999999998,1.0,0.0,1.0,0.0,1.0,1.0
125.4499999999998,1.0,0.0,1.0,0.0,1.0,1.0
125.4999999999998,1.0,0.0,1.0,0.0,1.0,1.0
125.5499999999998,1.0,1.0,1.0,0.0,1.0,1.0
125.5999999999998,1.0,1.0,1.0,0.0,1.0,1.0
125.64999999999979,1.0,1.0,0.0,0.0,1.0,1.0
125.69999999999979,1.0,1.0,0.0,0.0,1.0,1.0
125.74999999999979,1.0,1.0,0.0,0.0,1.0,1.0
125.79999999999978,1.0,1.0,0.0,0.0,1.0,1.0
125.84999999999978,1.0,1.0,0.0,0.0,1.0,1.0
125.89999999999978,1.0,1.0,0.0,1.0,1.0,1.0
125.94999999999978,1.0,1.0,0.0,1.0,1.0,1.0
125.99999999999977,1.0,1.0,0.0,1.0,1.0,1.0
126.04999999999977,0.0,1.0,0.0,1.0,1.0,1.0
126.09999999999977,0.0,1.0,0.0,1.0,1.0,1.0
126.14999999999976,0.0,1.0,0.0,1.0,1.0,1.0
126.19999999999976,0.0,1.0,0.0,1.0,1.0,1.0
126.24999999999976,0.0,1.0,0.0,1.0,1.0,1.0
126.29999999999976,0.0,1.0,0.0,1.0,1.0,1.0
126.34999999999975,0.0,1.0,0.0,1.0,1.0,1.0
126.39999999999975,0.0,1.0,0.0,1.0,1.0,1.0
126.44999999999975,0.0,1.0,0.0,1.0,1.0,1.0
126.49999999999974,0.0,1.0,0.0,1.0,1.0,1.0
126.54999999999974,0.0,1.0,0.0,1.0,1.0,1.0
126.59999999999974,0.0,1.0,0.0,1.0,1.0,1.0
126.64999999999974,0.0,1.0,0.0,1.0,1.0,1.0
126.69999999999973,0.0,1.0,0.0,1.0,1.0,1.0
126.74999999999973,0.0,1.0,0.0,1.0,1.0,1.0
126.79999999999973,0.0,1.0,0.0,1.0,1.0,1.0
126.84999999999972,0.0,1.0,0.0,1.0,1.0,1.0
126.89999999999972,0.0,1.0,0.0,1.0,1.0,1.0
126.94999999999972,0.0,1.0,0.0,1.0,1.0,0.0
126.99999999999972,0.0,1.0,0.0,1.0,1.0,0.0
127.04999999999971,0.0,1.0,0.0,1.0,1.0,0.0
127.09999999999971,0.0,1.0,0.0,1.0,1.0,0.0
127.14999999999971,0.0,1.0,0.0,1.0,1.0,0.0
127.1999999999997,0.0,1.0,0.0,1.0,1.0,0.0
127.2499999999997,0.0,1.0,0.0,1.0,1.0,0.0
127.2999999999997,0.0,1.0,0.0,1.0,1.0,0.0
127.3499999999997,0.0,1.0,0.0,1.0,1.0,0.0
127.3999999999997,0.0,1.0,0.0,1.0,1.0,0.0
127.44999999999969,0.0,1.0,0.0,1.0,0.0,0.0
127.49999999999969,0.0,1.0,0.0,1.0,0.0,0.0
127.54999999999968,0.0,1.0,0.0,1.0,0.0,0.0
127.59999999999968,0.0,1.0,0.0,1.0,0.0,0.0
127.64999999999968,0.0,1.0,0.0,1.0,0.0,0.0
127.69999999999968,0.0,1.0,0.0,1.0,0.0,1.0
127.74999999999967,0.0,1.0,0.0,1.0,0.0,1.0
127.79999999999967,0.0,1.0,0.0,1.0,0.0,1.0
127.84999999999967,0.0,1.0,0.0,1.0,0.0,1.0
127.89999999999966,0.0,1.0,0.0,1.0,0.0,1.0
127.94999999999966,0.0,1.0,0.0,1.0,0.0,1.0
127.99999999999966,0.0,1.0,0.0,1.0,0.0,1.0
128.04999999999967,0.0,1.0,0.0,1.0,0.0,1.0
128.09999999999965,0.0,1.0,0.0,1.0,0.0,1.0
128.14999999999964,0.0,1.0,0.0,1.0,0.0,1.0
128.19999999999965,0.0,1.0,0.0,1.0,0.0,1.0
128.24999999999966,0.0,1.0,0.0,1.0,0.0,1.0
128.29999999999964,0.0,1.0,0.0,1.0,0.0,1.0
128.34999999999962,0.0,1.0,0.0,1.0,0.0,1.0
128.39999999999964,0.0,1.0,0.0,1.0,0.0,1.0
128.44999999999965,0.0,1.0,0.0,1.0,0.0,1.0
128.49999999999963,0.0,1.0,0.0,1.0,0.0,1.0
128.5499999999996,0.0,1.0,0.0,1.0,0.0,1.0
128.59999999999962,0.0,1.0,0.0,1.0,0.0,1.0
128.64999999999964,0.0,1.0,0.0,1.0,0.0,1.0
128.69999999999962,0.0,1.0,0.0,1.0,0.0,1.0
128.7499999999996,0.0,1.0,1.0,1.0,0.0,1.0
128.7999999999996,0.0,1.0,1.0,1.0,0.0,1.0
128.84999999999962,0.0,1.0,1.0,1.0,0.0,1.0
128.8999999999996,0.0,1.0,1.0,1.0,0.0,1.0
128.9499999999996,0.0,1.0,1.0,1.0,0.0,1.0
128.9999999999996,0.0,1.0,1.0,1.0,0.0,1.0
129.0499999999996,0.0,1.0,1.0,1.0,0.0,1.0
129.0999999999996,0.0,1.0,1.0,1.0,0.0,1.0
129.14999999999958,0.0,1.0,1.0,1.0,0.0,1.0
129.1999999999996,0.0,1.0,1.0,1.0,0.0,1.0
129.2499999999996,0.0,1.0,1.0,1.0,0.0,1.0
129.29999999999959,0.0,1.0,1.0,1.0,0.0,1.0
129.34999999999957,0.0,0.0,1.0,1.0,0.0,1.0
129.39999999999958,0.0,0.0,1.0,1.0,0.0,1.0
129.4499999999996,0.0,0.0,1.0,1.0,0.0,1.0
129.49999999999957,0.0,0.0,1.0,1.0,0.0,1.0
129.54999999999956,0.0,0.0,1.0,1.0,0.0,1.0
129.59999999999957,0.0,0.0,1.0,1.0,0.0,1.0
129.64999999999958,0.0,0.0,1.0,1.0,0.0,1.0
129.69999999999956,0.0,0.0,1.0,1.0,0.0,1.0
129.74999999999955,0.0,0.0,1.0,1.0,0.0,1.0
129.79999999999956,0.0,0.0,1.0,1.0,0.0,1.0
129.84999999999957,0.0,0.0,1.0,1.0,0.0,1.0
129.89999999999955,0.0,0.0,1.0,1.0,0.0,1.0
129.94999999999953,0.0,0.0,1.0,1.0,0.0,1.0
129.99999999999955,0.0,0.0,1.0,1.0,0.0,1.0
130.04999999999956,0.0,0.0,1.0,1.0,0.0,1.0
130.09999999999954,0.0,0.0,1.0,1.0,0.0,1.0
130.14999999999952,0.0,0.0,1.0,1.0,0.0,1.0
130.19999999999953,0.0,0.0,1.0,1.0,0.0,1.0
130.24999999999955,0.0,0.0,1.0,1.0,0.0,1.0
130.29999999999953,0.0,0.0,1.0,1.0,0.0,1.0
130.3499999999995,0.0,0.0,1.0,1.0,0.0,1.0
130.39999999999952,0.0,0.0,1.0,1.0,0.0,1.0
130.44999999999953,0.0,0.0,1.0,1.0,0.0,1.0
130.49999999999952,0.0,0.0,1.0,1.0,1.0,1.0
130.5499999999995,0.0,0.0,1.0,1.0,1.0,1.0
130.5999999999995,0.0,0.0,1.0,1.0,1.0,1.0
130.64999999999952,0.0,0.0,1.0,1.0,1.0,1.0
130.6999999999995,0.0,0.0,1.0,1.0,1.0,1.0
130.7499999999995,0.0,0.0,1.0,1.0,1.0,1.0
130.7999999999995,0.0,0.0,1.0,1.0,1.0,1.0
130.8499999999995,0.0,0.0,1.0,1.0,1.0,1.0
130.8999999999995,0.0,0.0,1.0,1.0,1.0,1.0
130.94999999999948,0.0,0.0,1.0,1.0,1.0,1.0
130.9999999999995,0.0,0.0,1.0,1.0,1.0,1.0
131.0499999999995,0.0,0.0,1.0,1.0,1.0,1.0
131.09999999999948,0.0,0.0,1.0,1.0,1.0,1.0
131.14999999999947,0.0,0.0,1.0,1.0,1.0,1.0
131.19999999999948,0.0,0.0,1.0,1.0,1.0,1.0
131.2499999999995,0.0,0.0,1.0,1.0,1.0,1.0
131.29999999999947,0.0,0.0,1.0,0.0,1.0,1.0
131.34999999999945,0.0,0.0,1.0,0.0,1.0,1.0
131.39999999999947,0.0,0.0,1.0,0.0,1.0,1.0
131.44999999999948,0.0,0.0,1.0,0.0,1.0,1.0
131.49999999999946,0.0,0.0,1.0,0.0,1.0,1.0
131.54999999999944,0.0,0.0,1.0,0.0,1.0,1.0
131.59999999999945,0.0,0.0,1.0,0.0,1.0,1.0
131.64999999999947,0.0,0.0,1.0,0.0,1.0,1.0
131.69999999999945,0.0,0.0,1.0,0.0,1.0,1.0
131.74999999999943,0.0,0.0,1.0,0.0,1.0,1.0
131.79999999999944,0.0,0.0,1.0,0.0,1.0,1.0
131.84999999999945,0.0,0.0,1.0,0.0,1.0,1.0
131.89999999999944,0.0,0.0,1.0,0.0,1.0,1.0
131.94999999999942,0.0,0.0,1.0,0.0,1.0,1.0
131.99999999999943,0.0,0.0,1.0,0.0,1.0,1.0
132.04999999999944,0.0,0.0,1.0,0.0,1.0,1.0
132.09999999999943,0.0,0.0,1.0,0.0,1.0,1.0
132.1499999999994,0.0,0.0,1.0,0.0,1.0,1.0
132.19999999999942,0.0,1.0,1.0,0.0,1.0,1.0
132.24999999999943,0.0,1.0,1.0,0.0,1.0,1.0
132.29999999999941,0.0,1.0,1.0,0.0,1.0,1.0
132.3499999999994,0.0,1.0,1.0,0.0,1.0,1.0
132.3999999999994,0.0,1.0,1.0,0.0,1.0,1.0
132.44999999999942,0.0,1.0,1.0,0.0,1.0,1.0
132.4999999999994,0.0,1.0,1.0,0.0,1.0,1.0
132.5499999999994,0.0,1.0,1.0,0.0,1.0,1.0
132.5999999999994,0.0,1.0,1.0,0.0,1.0,1.0
132.6499999999994,0.0,1.0,1.0,0.0,1.0,1.0
132.6999999999994,0.0,1.0,1.0,0.0,1.0,1.0
132.74999999999937,0.0,1.0,1.0,0.0,1.0,1.0
132.7999999999994,0.0,1.0,1.0,0.0,1.0,1.0
132.8499999999994,0.0,1.0,1.0,0.0,1.0,1.0
132.89999999999938,0.0,1.0,1.0,0.0,1.0,1.0
132.94999999999936,0.0,1.0,1.0,0.0,1.0,1.0
132.99999999999937,0.0,1.0,1.0,0.0,1.0,1.0
133.0499999999994,0.0,1.0,1.0,0.0,1.0,1.0
133.09999999999937,0.0,1.0,0.0,0.0,1.0,1.0
133.14999999999935,0.0,1.0,0.0,0.0,1.0,1.0
133.19999999999936,0.0,1.0,0.0,0.0,1.0,1.0
133.24999999999937,0.0,1.0,0.0,0.0,1.0,1.0
133.29999999999936,0.0,1.0,0.0,0.0,1.0,1.0
133.34999999999934,0.0,1.0,0.0,0.0,1.0,0.0
133.39999999999935,0.0,1.0,0.0,0.0,1.0,0.0
133.44999999999936,0.0,1.0,0.0,0.0,1.0,0.0
133.49999999999935,0.0,1.0,0.0,0.0,1.0,0.0
133.54999999999933,0.0,1.0,0.0,0.0,1.0,0.0
133.59999999999934,0.0,1.0,0.0,0.0,1.0,0.0
133.64999999999935,0.0,1.0,0.0,0.0,1.0,0.0
133.69999999999933,0.0,1.0,0.0,0.0,1.0,0.0
133.74999999999932,0.0,1.0,0.0,0.0,1.0,0.0
133.79999999999933,0.0,1.0,0.0,0.0,1.0,0.0
133.84999999999934,0.0,1.0,0.0,1.0,1.0,0.0
133.89999999999932,0.0,1.0,0.0,1.0,1.0,0.0
133.9499999999993,0.0,1.0,0.0,1.0,1.0,0.0
133.99999999999932,0.0,1.0,0.0,1.0,1.0,0.0
134.04999999999933,0.0,1.0,0.0,1.0,1.0,0.0
134.0999999999993,0.0,1.0,0.0,1.0,1.0,0.0
134.1499999999993,0.0,1.0,0.0,1.0,1.0,0.0
134.1999999999993,0.0,1.0,0.0,1.0,1.0,0.0
134.24999999999932,0.0,1.0,0.0,1.0,1.0,0.0
134.2999999999993,0.0,1.0,0.0,1.0,1.0,0.0
134.34999999999928,0.0,1.0,0.0,1.0,1.0,0.0
134.3999999999993,0.0,1.0,0.0,1.0,1.0,0.0
134.4499999999993,0.0,1.0,0.0,1.0,1.0,0.0
134.4999999999993,0.0,1.0,0.0,1.0,1.0,0.0
134.54999999999927,0.0,1.0,0.0,1.0,1.0,0.0
134.59999999999928,0.0,1.0,0.0,1.0,1.0,0.0
134.6499999999993,0.0,1.0,0.0,1.0,1.0,0.0
134.69999999999928,0.0,1.0,0.0,1.0,1.0,0.0
134.74999999999926,0.0,1.0,0.0,1.0,1.0,0.0
134.79999999999927,0.0,1.0,0.0,1.0,1.0,0.0
134.84999999999928,0.0,1.0,0.0,1.0,1.0,0.0
134.89999999999927,0.0,1.0,0.0,1.0,1.0,0.0
134.94999999999925,0.0,1.0,0.0,1.0,1.0,0.0
134.99999999999926,0.0,1.0,0.0,1.0,1.0,0.0
135.04999999999927,0.0,1.0,0.0,1.0,1.0,0.0
135.09999999999926,0.0,1.0,0.0,1.0,1.0,0.0
135.14999999999924,0.0,1.0,0.0,1.0,1.0,0.0
135.19999999999925,0.0,1.0,0.0,1.0,1.0,0.0
135.24999999999926,0.0,1.0,0.0,1.0,1.0,0.0
135.29999999999924,0.0,1.0,0.0,1.0,1.0,0.0
135.34999999999923,0.0,1.0,0.0,1.0,1.0,0.0
135.39999999999924,0.0,1.0,0.0,1.0,1.0,1.0
135.44999999999925,0.0,1.0,0.0,1.0,1.0,1.0
135.49999999999923,0.0,1.0,0.0,1.0,1.0,1.0
135.54999999999922,0.0,1.0,0.0,1.0,1.0,1.0
135.59999999999923,0.0,1.0,0.0,1.0,1.0,1.0
135.64999999999924,0.0,0.0,0.0,1.0,1.0,1.0
135.69999999999922,0.0,0.0,0.0,1.0,1.0,1.0
135.7499999999992,0.0,0.0,0.0,1.0,1.0,1.0
135.79999999999922,0.0,0.0,0.0,1.0,1.0,1.0
135.84999999999923,0.0,0.0,0.0,1.0,1.0,1.0
135.8999999999992,0.0,0.0,0.0,1.0,0.0,1.0
135.9499999999992,0.0,0.0,0.0,1.0,0.0,1.0
135.9999999999992,0.0,0.0,0.0,1.0,0.0,1.0
136.04999999999922,0.0,0.0,0.0,1.0,0.0,1.0
136.0999999999992,0.0,0.0,0.0,1.0,0.0,1.0
136.14999999999918,0.0,0.0,0.0,1.0,0.0,1.0
136.1999999999992,0.0,0.0,0.0,1.0,0.0,1.0
136.2499999999992,0.0,0.0,0.0,1.0,0.0,1.0
136.2999999999992,0.0,0.0,0.0,1.0,0.0,1.0
136.34999999999917,0.0,0.0,0.0,1.0,0.0,1.0
136.39999999999918,0.0,0.0,1.0,1.0,0.0,1.0
136.4499999999992,0.0,0.0,1.0,1.0,0.0,1.0
136.49999999999918,0.0,0.0,1.0,1.0,0.0,1.0
136.54999999999916,0.0,0.0,1.0,1.0,0.0,1.0
136.59999999999917,0.0,0.0,1.0,1.0,0.0,1.0
136.64999999999918,0.0,0.0,1.0,1.0,0.0,1.0
136.69999999999916,0.0,0.0,1.0,1.0,0.0,1.0
136.74999999999915,0.0,0.0,1.0,1.0,0.0,1.0
136.79999999999916,0.0,0.0,1.0,1.0,0.0,1.0
136.84999999999917,0.0,0.0,1.0,1.0,0.0,1.0
136.89999999999915,0.0,0.0,1.0,1.0,0.0,1.0
136.94999999999914,0.0,0.0,1.0,1.0,0.0,1.0
136.99999999999915,0.0,0.0,1.0,1.0,0.0,1.0
137.04999999999916,0.0,0.0,1.0,1.0,0.0,1.0
137.09999999999914,0.0,0.0,1.0,1.0,0.0,1.0
137.14999999999912,0.0,0.0,1.0,1.0,0.0,1.0
137.19999999999914,0.0,0.0,1.0,1.0,0.0,1.0
137.24999999999915,0.0,0.0,1.0,1.0,0.0,1.0
137.29999999999913,0.0,0.0,1.0,1.0,0.0,1.0
137.3499999999991,0.0,0.0,1.0,1.0,0.0,1.0
137.39999999999912,0.0,0.0,1.0,1.0,0.0,1.0
137.44999999999914,0.0,0.0,1.0,1.0,0.0,1.0
137.49999999999912,0.0,0.0,1.0,1.0,0.0,1.0
137.5499999999991,0.0,0.0,1.0,1.0,0.0,1.0
137.5999999999991,0.0,0.0,1.0,1.0,0.0,1.0
137.64999999999912,0.0,0.0,1.0,1.0,0.0,1.0
137.6999999999991,0.0,0.0,1.0,1.0,0.0,1.0
137.7499999999991,0.0,0.0,1.0,1.0,0.0,1.0
137.7999999999991,0.0,0.0,1.0,1.0,0.0,1.0
137.8499999999991,0.0,0.0,1.0,1.0,0.0,1.0
137.8999999999991,0.0,0.0,1.0,1.0,0.0,1.0
137.94999999999908,0.0,0.0,1.0,1.0,0.0,1.0
137.9999999999991,0.0,0.0,1.0,1.0,0.0,1.0
138.0499999999991,0.0,0.0,1.0,1.0,0.0,1.0
138.09999999999908,0.0,0.0,1.0,1.0,0.0,1.0
138.14999999999907,0.0,0.0,1.0,1.0,0.0,1.0
138.19999999999908,0.0,0.0,1.0,1.0,0.0,1.0
138.2499999999991,0.0,0.0,1.0,1.0,0.0,1.0
138.29999999999907,0.0,0.0,1.0,1.0,0.0,1.0
138.34999999999906,0.0,0.0,1.0,1.0,0.0,1.0
138.39999999999907,0.0,0.0,1.0,1.0,0.0,1.0
138.44999999999908,0.0,0.0,1.0,1.0,0.0,1.0
138.49999999999906,0.0,0.0,1.0,1.0,0.0,1.0
138.54999999999905,0.0,0.0,1.0,1.0,0.0,1.0
138.59999999999906,0.0,0.0,1.0,1.0,0.0,1.0
138.64999999999907,0.0,0.0,1.0,1.0,0.0,1.0
138.69999999999905,0.0,0.0,1.0,1.0,1.0,1.0
138.74999999999903,0.0,0.0,1.0,1.0,1.0,1.0
138.79999999999905,0.0,0.0,1.0,1.0,1.0,1.0
138.84999999999906,0.0,0.0,1.0,1.0,1.0,1.0
138.89999999999904,0.0,0.0,1.0,1.0,1.0,1.0
138.94999999999902,0.0,1.0,1.0,1.0,1.0,1.0
138.99999999999903,0.0,1.0,1.0,1.0,1.0,1.0
139.04999999999905,0.0,1.0,1.0,1.0,1.0,1.0
139.09999999999903,0.0,1.0,1.0,1.0,1.0,1.0
139.149999999999,0.0,1.0,1.0,1.0,1.0,1.0
139.19999999999902,0.0,1.0,1.0,1.0,1.0,1.0
139.24999999999903,0.0,1.0,1.0,1.0,1.0,1.0
139.29999999999902,0.0,1.0,1.0,1.0,1.0,1.0
139.349999999999,0.0,1.0,1.0,1.0,1.0,1.0
139.399999999999,0.0,1.0,1.0,1.0,1.0,1.0
139.44999999999902,0.0,1.0,1.0,1.0,1.0,1.0
139.499999999999,0.0,1.0,1.0,0.0,1.0,1.0
139.549999999999,0.0,1.0,1.0,0.0,1.0,1.0
139.599999999999,0.0,1.0,1.0,0.0,1.0,1.0
139.649999999999,0.0,1.0,1.0,0.0,1.0,1.0
139.699999999999,0.0,1.0,1.0,0.0,1.0,1.0
139.74999999999898,0.0,1.0,1.0,0.0,1.0,1.0
139.799999999999,0.0,1.0,1.0,0.0,1.0,1.0
139.849999999999,0.0,1.0,1.0,0.0,1.0,1.0
139.89999999999898,0.0,1.0,1.0,0.0,1.0,1.0
139.94999999999897,0.0,1.0,1.0,0.0,1.0,1.0
139.99999999999898,0.0,1.0,1.0,0.0,1.0,1.0
140.049999999999,0.0,1.0,1.0,0.0,1.0,1.0
140.09999999999897,0.0,1.0,1.0,0.0,1.0,1.0
140.14999999999895,0.0,1.0,1.0,0.0,1.0,1.0
140.19999999999897,0.0,1.0,1.0,0.0,1.0,1.0
140.24999999999898,0.0,1.0,1.0,0.0,1.0,1.0
140.29999999999896,0.0,1.0,1.0,0.0,1.0,1.0
140.34999999999894,0.0,1.0,1.0,0.0,1.0,1.0
140.39999999999895,0.0,1.0,1.0,0.0,1.0,1.0
140.44999999999897,0.0,1.0,1.0,0.0,1.0,1.0
140.49999999999895,0.0,1.0,1.0,0.0,1.0,1.0
140.54999999999893,0.0,1.0,1.0,0.0,1.0,1.0
140.59999999999894,0.0,1.0,1.0,0.0,1.0,1.0
140.64999999999895,0.0,1.0,1.0,0.0,1.0,0.0
140.69999999999894,0.0,1.0,1.0,0.0,1.0,0.0
140.74999999999892,0.0,1.0,0.0,0.0,1.0,0.0
140.79999999999893,0.0,1.0,0.0,0.0,1.0,0.0
140.84999999999894,0.0,1.0,0.0,0.0,1.0,0.0
140.89999999999893,0.0,1.0,0.0,0.0,1.0,0.0
140.9499999999989,0.0,1.0,0.0,0.0,1.0,0.0
140.99999999999892,0.0,1.0,0.0,0.0,1.0,0.0
141.04999999999893,0.0,1.0,0.0,0.0,1.0,0.0
141.09999999999891,0.0,1.0,0.0,0.0,1.0,0.0
141.1499999999989,0.0,1.0,0.0,0.0,1.0,0.0
141.1999999999989,0.0,1.0,0.0,0.0,1.0,0.0
141.24999999999892,0.0,1.0,0.0,0.0,1.0,0.0
141.2999999999989,0.0,1.0,0.0,0.0,1.0,0.0
141.3499999999989,0.0,1.0,0.0,0.0,1.0,0.0
141.3999999999989,0.0,1.0,0.0,0.0,1.0,0.0
141.4499999999989,0.0,1.0,0.0,0.0,1.0,0.0
141.4999999999989,0.0,1.0,0.0,0.0,1.0,0.0
141.54999999999887,0.0,1.0,0.0,0.0,1.0,0.0
141.5999999999989,0.0,1.0,0.0,0.0,1.0,0.0
141.6499999999989,0.0,1.0,0.0,0.0,1.0,0.0
141.69999999999888,0.0,1.0,0.0,0.0,1.0,0.0
141.74999999999886,0.0,1.0,0.0,0.0,1.0,0.0
141.79999999999887,0.0,1.0,0.0,0.0,1.0,0.0
141.8499999999989,0.0,1.0,0.0,0.0,1.0,0.0
141.89999999999887,0.0,1.0,0.0,0.0,1.0,0.0
141.94999999999885,0.0,1.0,0.0,0.0,1.0,0.0
141.99999999999886,0.0,1.0,0.0,0.0,1.0,0.0
142.04999999999887,0.0,1.0,0.0,0.0,1.0,0.0
142.09999999999886,0.0,1.0,0.0,0.0,1.0,0.0
142.14999999999884,0.0,1.0,0.0,0.0,1.0,0.0
142.19999999999885,0.0,1.0,0.0,0.0,1.0,0.0
142.24999999999886,0.0,1.0,0.0,0.0,1.0,0.0
142.29999999999885,0.0,1.0,0.0,0.0,1.0,0.0
142.34999999999883,0.0,1.0,0.0,0.0,1.0,0.0
142.39999999999884,0.0,1.0,0.0,0.0,1.0,0.0
142.44999999999885,0.0,1.0,0.0,0.0,1.0,1.0
142.49999999999883,0.0,1.0,0.0,0.0,1.0,1.0
142.54999999999882,0.0,1.0,0.0,1.0,0.0,1.0
142.59999999999883,0.0,1.0,0.0,1.0,0.0,1.0
142.64999999999884,0.0,1.0,0.0,1.0,0.0,1.0
142.69999999999882,0.0,1.0,0.0,1.0,0.0,1.0
142.7499999999988,0.0,1.0,0.0,1.0,0.0,1.0
142.79999999999882,0.0,0.0,0.0,1.0,0.0,1.0
142.84999999999883,0.0,0.0,0.0,1.0,0.0,1.0
142.8999999999988,0.0,0.0,0.0,1.0,0.0,1.0
142.9499999999988,0.0,0.0,0.0,1.0,0.0,1.0
142.9999999999988,0.0,0.0,0.0,1.0,0.0,1.0
143.04999999999882,0.0,0.0,0.0,1.0,0.0,1.0
143.0999999999988,0.0,0.0,0.0,1.0,0.0,1.0
143.14999999999878,0.0,0.0,0.0,1.0,0.0,1.0
143.1999999999988,0.0,0.0,0.0,1.0,0.0,1.0
143.2499999999988,0.0,0.0,0.0,1.0,0.0,1.0
143.2999999999988,0.0,0.0,0.0,1.0,0.0,1.0
143.34999999999877,0.0,0.0,0.0,1.0,0.0,1.0
143.39999999999878,0.0,0.0,0.0,1.0,0.0,1.0
143.4499999999988,0.0,0.0,0.0,1.0,0.0,1.0
143.49999999999878,0.0,0.0,0.0,1.0,0.0,1.0
143.54999999999876,0.0,0.0,0.0,1.0,0.0,1.0
143.59999999999877,0.0,0.0,1.0,1.0,0.0,1.0
143.64999999999878,0.0,0.0,1.0,1.0,0.0,1.0
143.69999999999877,0.0,0.0,1.0,1.0,0.0,1.0
143.74999999999875,0.0,0.0,1.0,1.0,0.0,1.0
143.79999999999876,0.0,0.0,1.0,1.0,0.0,1.0
143.84999999999877,0.0,0.0,1.0,1.0,0.0,1.0
143.89999999999876,0.0,0.0,1.0,1.0,0.0,1.0
143.94999999999874,0.0,0.0,1.0,1.0,0.0,1.0
143.99999999999875,0.0,0.0,1.0,1.0,0.0,1.0
144.04999999999876,0.0,0.0,1.0,1.0,0.0,1.0
144.09999999999874,0.0,0.0,1.0,1.0,0.0,1.0
144.14999999999873,0.0,0.0,1.0,1.0,0.0,1.0
144.19999999999874,0.0,0.0,1.0,1.0,0.0,1.0
144.24999999999875,0.0,0.0,1.0,1.0,0.0,1.0
144.29999999999873,0.0,0.0,1.0,1.0,0.0,1.0
144.34999999999872,0.0,0.0,1.0,1.0,0.0,1.0
144.39999999999873,0.0,0.0,1.0,1.0,0.0,1.0
144.44999999999874,0.0,0.0,1.0,1.0,0.0,1.0
144.49999999999872,0.0,0.0,1.0,1.0,0.0,1.0
144.5499999999987,0.0,0.0,1.0,1.0,0.0,1.0
144.59999999999872,0.0,0.0,1.0,1.0,0.0,1.0
144.64999999999873,0.0,0.0,1.0,1.0,0.0,1.0
144.6999999999987,0.0,0.0,1.0,1.0,0.0,1.0
144.7499999999987,0.0,0.0,1.0,1.0,0.0,1.0
144.7999999999987,0.0,0.0,1.0,1.0,0.0,1.0
144.84999999999872,0.0,0.0,1.0,1.0,0.0,1.0
144.8999999999987,0.0,0.0,1.0,1.0,0.0,1.0
144.94999999999868,0.0,0.0,1.0,1.0,0.0,1.0
144.9999999999987,0.0,0.0,1.0,1.0,0.0,1.0
145.0499999999987,0.0,0.0,1.0,1.0,0.0,1.0
145.0999999999987,0.0,0.0,1.0,1.0,0.0,1.0
145.14999999999867,0.0,0.0,1.0,1.0,0.0,1.0
145.19999999999868,0.0,0.0,1.0,1.0,0.0,1.0
145.2499999999987,0.0,0.0,1.0,1.0,0.0,1.0
145.29999999999868,0.0,0.0,1.0,1.0,0.0,1.0
145.34999999999866,0.0,0.0,1.0,1.0,0.0,1.0
145.39999999999867,0.0,0.0,1.0,1.0,0.0,1.0
145.44999999999868,0.0,0.0,1.0,1.0,0.0,1.0
145.49999999999866,0.0,0.0,1.0,1.0,0.0,1.0
145.54999999999865,0.0,0.0,1.0,1.0,0.0,1.0
145.59999999999866,0.0,0.0,1.0,1.0,0.0,1.0
145.64999999999867,0.0,0.0,1.0,1.0,1.0,1.0
145.69999999999865,0.0,0.0,1.0,1.0,1.0,1.0
145.74999999999864,0.0,0.0,1.0,1.0,1.0,1.0
145.79999999999865,0.0,0.0,1.0,1.0,1.0,1.0
145.84999999999866,0.0,0.0,1.0,1.0,1.0,1.0
145.89999999999864,0.0,0.0,1.0,1.0,1.0,1.0
145.94999999999862,0.0,0.0,1.0,1.0,1.0,1.0
145.99999999999864,0.0,0.0,1.0,1.0,1.0,1.0
146.04999999999865,0.0,0.0,1.0,1.0,1.0,1.0
146.09999999999863,0.0,0.0,1.0,1.0,1.0,1.0
146.1499999999986,0.0,1.0,1.0,1.0,1.0,1.0
146.19999999999862,0.0,1.0,1.0,1.0,1.0,1.0
146.24999999999864,0.0,1.0,1.0,1.0,1.0,1.0
146.29999999999862,0.0,1.0,1.0,1.0,1.0,1.0
146.3499999999986,0.0,1.0,1.0,1.0,1.0,1.0
146.3999999999986,0.0,1.0,1.0,0.0,1.0,1.0
146.44999999999862,0.0,1.0,1.0,0.0,1.0,1.0
146.4999999999986,0.0,1.0,1.0,0.0,1.0,1.0
146.5499999999986,0.0,1.0,1.0,0.0,1.0,1.0
146.5999999999986,0.0,1.0,1.0,0.0,1.0,1.0
146.6499999999986,0.0,1.0,1.0,0.0,1.0,1.0
146.6999999999986,0.0,1.0,1.0,0.0,1.0,1.0
146.74999999999858,0.0,1.0,1.0,0.0,1.0,1.0
146.7999999999986,0.0,1.0,1.0,0.0,1.0,1.0
146.8499999999986,0.0,1.0,1.0,0.0,1.0,1.0
146.89999999999858,0.0,1.0,1.0,0.0,1.0,1.0
146.94999999999857,0.0,1.0,1.0,0.0,1.0,1.0
146.99999999999858,0.0,1.0,1.0,0.0,1.0,1.0
147.0499999999986,0.0,1.0,1.0,0.0,1.0,0.0
147.09999999999857,0.0,1.0,1.0,0.0,1.0,0.0
147.14999999999856,0.0,1.0,1.0,0.0,1.0,0.0
147.19999999999857,0.0,1.0,1.0,0.0,1.0,0.0
147.24999999999858,0.0,1.0,1.0,0.0,1.0,0.0
147.29999999999856,0.0,1.0,1.0,0.0,1.0,0.0
147.34999999999854,0.0,1.0,1.0,0.0,1.0,0.0
147.39999999999856,0.0,1.0,1.0,0.0,1.0,0.0
147.44999999999857,0.0,1.0,1.0,0.0,1.0,0.0
147.49999999999855,0.0,1.0,1.0,0.0,1.0,0.0
147.54999999999853,0.0,1.0,1.0,0.0,1.0,0.0
147.59999999999854,0.0,1.0,1.0,0.0,1.0,0.0
147.64999999999856,0.0,1.0,1.0,0.0,1.0,0.0
147.69999999999854,0.0,1.0,1.0,0.0,1.0,0.0
147.74999999999852,0.0,1.0,1.0,0.0,1.0,0.0
147.79999999999853,0.0,1.0,1.0,0.0,1.0,0.0
147.84999999999854,0.0,1.0,1.0,0.0,1.0,0.0
147.89999999999853,0.0,1.0,1.0,0.0,1.0,0.0
147.9499999999985,0.0,1.0,1.0,0.0,1.0,0.0
147.99999999999852,0.0,1.0,1.0,0.0,1.0,0.0
148.04999999999853,0.0,1.0,1.0,0.0,1.0,0.0
148.09999999999852,0.0,1.0,1.0,0.0,1.0,0.0
148.1499999999985,0.0,1.0,1.0,0.0,1.0,0.0
148.1999999999985,0.0,1.0,0.0,0.0,1.0,0.0
148.24999999999852,0.0,1.0,0.0,0.0,1.0,0.0
148.2999999999985,0.0,1.0,0.0,0.0,1.0,0.0
148.3499999999985,0.0,1.0,0.0,0.0,1.0,0.0
148.3999999999985,0.0,1.0,0.0,0.0,1.0,0.0
148.4499999999985,0.0,1.0,0.0,0.0,1.0,0.0
148.4999999999985,0.0,1.0,0.0,0.0,1.0,0.0
148.54999999999848,0.0,1.0,0.0,0.0,1.0,0.0
148.5999999999985,0.0,1.0,0.0,0.0,1.0,0.0
148.6499999999985,0.0,1.0,0.0,0.0,1.0,0.0
148.69999999999848,0.0,1.0,0.0,0.0,1.0,0.0
148.74999999999847,0.0,1.0,0.0,0.0,1.0,0.0
148.79999999999848,0.0,1.0,0.0,0.0,1.0,0.0
148.8499999999985,0.0,1.0,0.0,0.0,1.0,0.0
148.89999999999847,0.0,1.0,0.0,0.0,1.0,0.0
148.94999999999845,0.0,1.0,0.0,0.0,1.0,0.0
148.99999999999847,0.0,1.0,0.0,0.0,1.0,0.0
149.04999999999848,0.0,1.0,0.0,0.0,1.0,0.0
149.09999999999846,0.0,1.0,0.0,0.0,1.0,0.0
149.14999999999844,0.0,1.0,0.0,0.0,1.0,0.0
149.19999999999845,0.0,1.0,0.0,0.0,1.0,0.0
149.24999999999847,0.0,1.0,0.0,0.0,1.0,0.0
149.29999999999845,0.0,1.0,0.0,0.0,1.0,0.0
149.34999999999843,0.0,1.0,0.0,0.0,1.0,0.0
149.39999999999844,0.0,1.0,0.0,0.0,1.0,0.0
149.44999999999845,0.0,1.0,0.0,1.0,1.0,0.0
149.49999999999844,0.0,1.0,0.0,1.0,1.0,0.0
149.54999999999842,0.0,1.0,0.0,1.0,1.0,0.0
149.59999999999843,0.0,1.0,0.0,1.0,1.0,1.0
149.64999999999844,0.0,1.0,0.0,1.0,1.0,1.0
149.69999999999843,0.0,1.0,0.0,1.0,1.0,1.0
149.7499999999984,0.0,1.0,0.0,1.0,0.0,1.0
149.79999999999842,0.0,1.0,0.0,1.0,0.0,1.0
149.84999999999843,0.0,1.0,0.0,1.0,0.0,1.0
149.8999999999984,0.0,1.0,0.0,1.0,0.0,1.0
149.9499999999984,0.0,1.0,0.0,1.0,0.0,1.0
149.9999999999984,0.0,1.0,0.0,1.0,0.0,1.0
150.04999999999842,0.0,1.0,0.0,1.0,0.0,1.0
150.0999999999984,0.0,1.0,0.0,1.0,0.0,1.0
150.14999999999839,0.0,1.0,0.0,1.0,0.0,1.0
150.1999999999984,0.0,1.0,0.0,1.0,0.0,1.0
150.2499999999984,0.0,0.0,0.0,1.0,0.0,1.0
150.2999999999984,0.0,0.0,0.0,1.0,0.0,1.0
150.34999999999837,0.0,0.0,0.0,1.0,0.0,1.0
150.39999999999839,0.0,0.0,0.0,1.0,0.0,1.0
150.4499999999984,0.0,0.0,0.0,1.0,0.0,1.0
150.49999999999838,0.0,0.0,0.0,1.0,0.0,1.0
150.54999999999836,0.0,0.0,0.0,1.0,0.0,1.0
150.59999999999837,0.0,0.0,0.0,1.0,0.0,1.0
150.64999999999839,0.0,0.0,0.0,1.0,0.0,1.0
150.69999999999837,0.0,0.0,0.0,1.0,0.0,1.0
150.74999999999835,0.0,0.0,1.0,1.0,0.0,1.0
150.79999999999836,0.0,0.0,1.0,1.0,0.0,1.0
150.84999999999837,0.0,0.0,1.0,1.0,0.0,1.0
150.89999999999836,0.0,0.0,1.0,1.0,0.0,1.0
150.94999999999834,0.0,0.0,1.0,1.0,0.0,1.0
150.99999999999835,0.0,0.0,1.0,1.0,0.0,1.0
151.04999999999836,0.0,0.0,1.0,1.0,0.0,1.0
151.09999999999835,0.0,0.0,1.0,1.0,0.0,1.0
151.14999999999833,0.0,0.0,1.0,1.0,0.0,1.0
151.19999999999834,0.0,0.0,1.0,1.0,0.0,1.0
151.24999999999835,0.0,0.0,1.0,1.0,0.0,1.0
151.29999999999833,0.0,0.0,1.0,1.0,0.0,1.0
151.34999999999832,0.0,0.0,1.0,1.0,0.0,1.0
151.39999999999833,0.0,0.0,1.0,1.0,0.0,1.0
151.44999999999834,0.0,0.0,1.0,1.0,0.0,1.0
151.49999999999832,0.0,0.0,1.0,1.0,0.0,1.0
151.5499999999983,0.0,0.0,1.0,1.0,0.0,1.0
151.59999999999832,0.0,0.0,1.0,1.0,0.0,1.0
151.64999999999833,0.0,0.0,1.0,1.0,0.0,1.0
151.6999999999983,0.0,0.0,1.0,1.0,0.0,1.0
151.7499999999983,0.0,0.0,1.0,1.0,0.0,1.0
151.7999999999983,0.0,0.0,1.0,1.0,0.0,1.0
151.84999999999832,0.0,0.0,1.0,1.0,0.0,1.0
151.8999999999983,0.0,0.0,1.0,1.0,0.0,1.0
151.94999999999828,0.0,0.0,1.0,1.0,0.0,1.0
151.9999999999983,0.0,0.0,1.0,1.0,0.0,1.0
152.0499999999983,0.0,0.0,1.0,1.0,0.0,1.0
152.0999999999983,0.0,0.0,1.0,1.0,0.0,1.0
152.14999999999827,0.0,0.0,1.0,1.0,0.0,1.0
152.19999999999828,0.0,0.0,1.0,1.0,0.0,1.0
152.2499999999983,0.0,0.0,1.0,1.0,0.0,1.0
152.29999999999828,0.0,0.0,1.0,1.0,0.0,1.0
152.34999999999826,0.0,0.0,1.0,1.0,0.0,1.0
152.39999999999827,0.0,0.0,1.0,1.0,0.0,1.0
152.44999999999828,0.0,0.0,1.0,1.0,0.0,1.0
152.49999999999827,0.0,0.0,1.0,1.0,0.0,1.0
152.54999999999825,0.0,0.0,1.0,1.0,0.0,1.0
152.59999999999826,0.0,0.0,1.0,1.0,0.0,1.0
152.64999999999827,0.0,0.0,1.0,1.0,0.0,1.0
152.69999999999825,0.0,0.0,1.0,1.0,0.0,1.0
152.74999999999824,0.0,0.0,1.0,1.0,0.0,1.0
152.79999999999825,0.0,0.0,1.0,0.0,1.0,1.0
152.84999999999826,0.0,0.0,1.0,0.0,1.0,1.0
152.89999999999824,0.0,0.0,1.0,0.0,1.0,1.0
152.94999999999823,0.0,0.0,1.0,0.0,1.0,0.0
152.99999999999824,0.0,0.0,1.0,0.0,1.0,0.0
153.04999999999825,0.0,0.0,1.0,0.0,1.0,0.0
153.09999999999823,0.0,0.0,1.0,0.0,1.0,0.0
153.14999999999822,0.0,0.0,1.0,0.0,1.0,0.0
153.19999999999823,0.0,0.0,1.0,0.0,1.0,0.0
153.24999999999824,0.0,0.0,1.0,0.0,1.0,0.0
153.29999999999822,0.0,1.0,1.0,0.0,1.0,0.0
153.3499999999982,0.0,1.0,1.0,0.0,1.0,0.0
153.39999999999822,0.0,1.0,1.0,0.0,1.0,0.0
153.44999999999823,0.0,1.0,1.0,0.0,1.0,0.0
153.4999999999982,0.0,1.0,1.0,0.0,1.0,0.0
153.5499999999982,0.0,1.0,1.0,0.0,1.0,0.0
153.5999999999982,0.0,1.0,1.0,0.0,1.0,0.0
153.64999999999822,0.0,1.0,1.0,0.0,1.0,0.0
153.6999999999982,0.0,1.0,1.0,0.0,1.0,0.0
153.74999999999818,0.0,1.0,1.0,0.0,1.0,0.0
153.7999999999982,0.0,1.0,1.0,0.0,1.0,0.0
153.8499999999982,0.0,1.0,1.0,0.0,1.0,0.0
153.8999999999982,0.0,1.0,1.0,0.0,1.0,0.0
153.94999999999817,0.0,1.0,1.0,0.0,1.0,0.0
153.99999999999818,0.0,1.0,1.0,0.0,1.0,0.0
154.0499999999982,0.0,1.0,1.0,0.0,1.0,0.0
154.09999999999818,0.0,1.0,1.0,0.0,1.0,0.0
154.14999999999816,0.0,1.0,1.0,0.0,1.0,0.0
154.19999999999817,0.0,1.0,1.0,0.0,1.0,0.0
154.24999999999818,0.0,1.0,1.0,0.0,1.0,0.0
154.29999999999816,0.0,1.0,1.0,0.0,1.0,0.0
154.34999999999815,0.0,1.0,1.0,0.0,1.0,0.0
154.39999999999816,0.0,1.0,1.0,0.0,1.0,0.0
154.44999999999817,0.0,1.0,1.0,0.0,1.0,0.0
154.49999999999815,0.0,1.0,1.0,0.0,1.0,0.0
154.54999999999814,0.0,1.0,1.0,0.0,1.0,0.0
154.59999999999815,0.0,1.0,1.0,0.0,1.0,0.0
154.64999999999816,0.0,1.0,1.0,0.0,1.0,0.0
154.69999999999814,0.0,1.0,1.0,0.0,1.0,0.0
154.74999999999812,0.0,1.0,1.0,0.0,1.0,0.0
154.79999999999814,0.0,1.0,1.0,0.0,1.0,0.0
154.84999999999815,0.0,1.0,1.0,0.0,1.0,0.0
154.89999999999813,0.0,1.0,1.0,0.0,1.0,0.0
154.9499999999981,0.0,1.0,1.0,0.0,1.0,0.0
154.99999999999812,0.0,1.0,1.0,0.0,1.0,0.0
155.04999999999814,0.0,1.0,1.0,0.0,1.0,0.0
155.09999999999812,0.0,1.0,1.0,0.0,1.0,0.0
155.1499999999981,0.0,1.0,1.0,0.0,1.0,0.0
155.1999999999981,0.0,1.0,1.0,0.0,1.0,0.0
155.24999999999812,0.0,1.0,1.0,0.0,1.0,0.0
155.2999999999981,0.0,1.0,1.0,0.0,1.0,0.0
155.3499999999981,0.0,1.0,1.0,0.0,1.0,0.0
155.3999999999981,0.0,1.0,1.0,0.0,1.0,0.0
155.4499999999981,0.0,1.0,1.0,0.0,1.0,0.0
155.4999999999981,0.0,1.0,1.0,0.0,1.0,0.0
155.54999999999808,0.0,1.0,1.0,0.0,1.0,0.0
155.5999999999981,0.0,1.0,0.0,0.0,1.0,0.0
155.6499999999981,0.0,1.0,0.0,0.0,1.0,0.0
155.69999999999808,0.0,1.0,0.0,0.0,1.0,0.0
155.74999999999807,0.0,1.0,0.0,0.0,1.0,0.0
155.79999999999808,0.0,1.0,0.0,0.0,1.0,0.0
155.8499999999981,0.0,1.0,0.0,1.0,1.0,0.0
155.89999999999807,0.0,1.0,0.0,1.0,1.0,0.0
155.94999999999806,0.0,1.0,0.0,1.0,1.0,0.0
155.99999999999807,0.0,1.0,0.0,1.0,1.0,0.0
156.04999999999808,0.0,1.0,0.0,1.0,1.0,0.0
156.09999999999806,0.0,1.0,0.0,1.0,1.0,0.0
156.14999999999804,0.0,1.0,0.0,1.0,1.0,0.0
156.19999999999806,0.0,1.0,0.0,1.0,1.0,0.0
156.24999999999807,0.0,1.0,0.0,1.0,1.0,0.0
156.29999999999805,0.0,1.0,0.0,1.0,1.0,0.0
156.34999999999803,0.0,1.0,0.0,1.0,1.0,0.0
156.39999999999804,0.0,1.0,0.0,1.0,1.0,0.0
156.44999999999806,0.0,1.0,0.0,1.0,1.0,0.0
156.49999999999804,0.0,1.0,0.0,1.0,1.0,0.0
156.54999999999802,0.0,1.0,0.0,1.0,1.0,0.0
156.59999999999803,0.0,1.0,0.0,1.0,1.0,0.0
156.64999999999804,0.0,1.0,0.0,1.0,1.0,0.0
156.69999999999803,0.0,1.0,0.0,1.0,1.0,0.0
156.749999999998,0.0,1.0,0.0,1.0,1.0,1.0
156.79999999999802,0.0,1.0,0.0,1.0,1.0,1.0
156.84999999999803,0.0,1.0,0.0,1.0,1.0,1.0
156.89999999999802,0.0,0.0,0.0,1.0,0.0,1.0
156.949999999998,0.0,0.0,0.0,1.0,0.0,1.0
156.999999999998,0.0,0.0,0.0,1.0,0.0,1.0
157.04999999999802,0.0,0.0,0.0,1.0,0.0,1.0
157.099999999998,0.0,0.0,0.0,1.0,0.0,1.0
157.149999999998,0.0,0.0,0.0,1.0,0.0,1.0
157.199999999998,0.0,0.0,0.0,1.0,0.0,1.0
157.249999999998,0.0,0.0,0.0,1.0,0.0,1.0
157.299999999998,0.0,0.0,0.0,1.0,0.0,1.0
157.34999999999798,0.0,0.0,0.0,1.0,0.0,1.0
157.399999999998,0.0,0.0,0.0,1.0,0.0,1.0
157.449999999998,0.0,0.0,0.0,1.0,0.0,1.0
157.49999999999798,0.0,0.0,0.0,1.0,0.0,1.0
157.54999999999797,0.0,0.0,0.0,1.0,0.0,1.0
157.59999999999798,0.0,0.0,0.0,1.0,0.0,1.0
157.649999999998,0.0,0.0,1.0,1.0,0.0,1.0
157.69999999999797,0.0,0.0,1.0,1.0,0.0,1.0
157.74999999999795,0.0,0.0,1.0,1.0,0.0,1.0
157.79999999999797,0.0,0.0,1.0,1.0,0.0,1.0
157.84999999999798,0.0,0.0,1.0,1.0,0.0,1.0
157.89999999999796,1.0,0.0,1.0,0.0,0.0,1.0
157.94999999999794,1.0,0.0,1.0,0.0,0.0,1.0
157.99999999999795,1.0,0.0,1.0,0.0,0.0,1.0
158.04999999999797,1.0,0.0,1.0,0.0,0.0,0.0
158.09999999999795,1.0,0.0,1.0,0.0,0.0,0.0
158.14999999999793,1.0,0.0,1.0,0.0,0.0,0.0
158.19999999999794,1.0,0.0,1.0,0.0,0.0,0.0
158.24999999999795,1.0,0.0,1.0,0.0,0.0,0.0
158.29999999999794,1.0,0.0,1.0,0.0,0.0,0.0
158.34999999999792,1.0,0.0,1.0,0.0,0.0,0.0
158.39999999999793,1.0,0.0,1.0,0.0,0.0,0.0
158.44999999999794,0.0,0.0,1.0,0.0,0.0,0.0
158.49999999999793,0.0,0.0,1.0,0.0,0.0,0.0
158.5499999999979,0.0,0.0,1.0,0.0,0.0,0.0
158.59999999999792,0.0,0.0,1.0,0.0,0.0,0.0
158.64999999999793,0.0,0.0,1.0,0.0,0.0,0.0
158.6999999999979,0.0,0.0,1.0,0.0,0.0,0.0
158.7499999999979,0.0,0.0,1.0,0.0,0.0,0.0
158.7999999999979,0.0,0.0,1.0,0.0,0.0,0.0
158.84999999999792,0.0,0.0,1.0,0.0,0.0,0.0
158.8999999999979,0.0,0.0,1.0,0.0,0.0,0.0
158.94999999999789,0.0,0.0,1.0,0.0,0.0,0.0
158.9999999999979,0.0,0.0,1.0,0.0,0.0,0.0
159.0499999999979,0.0,0.0,1.0,0.0,0.0,0.0
159.0999999999979,0.0,0.0,1.0,0.0,0.0,0.0
159.14999999999787,0.0,0.0,1.0,0.0,0.0,0.0
159.19999999999789,0.0,0.0,1.0,0.0,0.0,0.0
159.2499999999979,0.0,0.0,1.0,0.0,0.0,0.0
159.29999999999788,0.0,0.0,1.0,0.0,0.0,0.0
159.34999999999786,0.0,0.0,1.0,0.0,0.0,0.0
159.39999999999787,0.0,0.0,1.0,0.0,0.0,0.0
159.44999999999789,0.0,0.0,1.0,0.0,0.0,0.0
159.49999999999787,0.0,0.0,1.0,0.0,0.0,0.0
159.54999999999785,0.0,0.0,1.0,0.0,0.0,0.0
159.59999999999786,0.0,0.0,1.0,0.0,0.0,0.0
159.64999999999787,0.0,0.0,1.0,0.0,0.0,0.0
159.69999999999786,0.0,0.0,1.0,0.0,1.0,0.0
159.74999999999784,0.0,0.0,1.0,0.0,1.0,0.0
159.79999999999785,0.0,0.0,1.0,0.0,1.0,0.0
159.84999999999786,0.0,0.0,1.0,0.0,1.0,0.0
159.89999999999785,0.0,0.0,1.0,0.0,1.0,0.0
159.94999999999783,0.0,1.0,1.0,0.0,1.0,0.0
159.99999999999784,0.0,1.0,1.0,0.0,1.0,0.0
160.04999999999785,0.0,1.0,1.0,0.0,1.0,0.0
160.09999999999783,0.0,1.0,1.0,0.0,1.0,0.0
160.14999999999782,0.0,1.0,1.0,0.0,1.0,0.0
160.19999999999783,0.0,1.0,1.0,0.0,1.0,0.0
160.24999999999784,0.0,1.0,1.0,0.0,1.0,0.0
160.29999999999782,0.0,1.0,1.0,0.0,1.0,0.0
160.3499999999978,0.0,1.0,1.0,0.0,1.0,0.0
160.39999999999782,0.0,1.0,1.0,0.0,1.0,0.0
160.44999999999783,0.0,1.0,1.0,0.0,1.0,0.0
160.4999999999978,0.0,1.0,1.0,0.0,1.0,0.0
160.5499999999978,0.0,1.0,1.0,0.0,1.0,0.0
160.5999999999978,0.0,1.0,1.0,0.0,1.0,0.0
160.64999999999782,0.0,1.0,1.0,0.0,1.0,0.0
160.6999999999978,0.0,1.0,1.0,0.0,1.0,0.0
160.74999999999778,0.0,1.0,0.0,0.0,1.0,0.0
160.7999999999978,0.0,1.0,0.0,0.0,1.0,0.0
160.8499999999978,0.0,1.0,0.0,0.0,1.0,0.0
160.8999999999978,0.0,1.0,0.0,0.0,1.0,0.0
160.94999999999777,0.0,1.0,0.0,0.0,1.0,0.0
160.99999999999778,0.0,1.0,0.0,0.0,1.0,0.0
161.0499999999978,0.0,1.0,0.0,0.0,1.0,0.0
161.09999999999778,0.0,1.0,0.0,0.0,1.0,0.0
161.14999999999776,0.0,1.0,0.0,0.0,1.0,0.0
161.19999999999777,0.0,1.0,0.0,0.0,1.0,0.0
161.24999999999778,0.0,1.0,0.0,1.0,1.0,0.0
161.29999999999777,0.0,1.0,0.0,1.0,1.0,0.0
161.34999999999775,0.0,1.0,0.0,1.0,1.0,0.0
161.39999999999776,0.0,1.0,0.0,1.0,1.0,0.0
161.44999999999777,0.0,1.0,0.0,1.0,1.0,0.0
161.49999999999775,0.0,1.0,0.0,1.0,1.0,0.0
161.54999999999774,0.0,1.0,0.0,1.0,1.0,0.0
161.59999999999775,0.0,1.0,0.0,1.0,1.0,0.0
161.64999999999776,0.0,1.0,0.0,1.0,1.0,0.0
161.69999999999774,0.0,1.0,0.0,1.0,1.0,0.0
161.74999999999773,0.0,1.0,0.0,1.0,1.0,0.0
161.79999999999774,0.0,1.0,0.0,1.0,1.0,0.0
161.84999999999775,0.0,1.0,0.0,1.0,1.0,0.0
161.89999999999773,0.0,1.0,0.0,1.0,1.0,0.0
161.94999999999771,0.0,1.0,0.0,1.0,1.0,0.0
161.99999999999773,0.0,1.0,0.0,1.0,1.0,0.0
162.04999999999774,0.0,1.0,0.0,1.0,1.0,0.0
162.09999999999772,0.0,1.0,0.0,1.0,1.0,0.0
162.1499999999977,0.0,1.0,0.0,1.0,1.0,0.0
162.19999999999771,0.0,1.0,0.0,1.0,1.0,0.0
162.24999999999773,0.0,1.0,0.0,1.0,1.0,0.0
162.2999999999977,0.0,1.0,0.0,1.0,1.0,0.0
162.3499999999977,0.0,1.0,0.0,1.0,1.0,0.0
162.3999999999977,0.0,1.0,0.0,1.0,1.0,0.0
162.44999999999771,0.0,1.0,0.0,1.0,1.0,0.0
162.4999999999977,0.0,1.0,0.0,1.0,1.0,0.0
162.54999999999768,0.0,1.0,0.0,1.0,1.0,0.0
162.5999999999977,0.0,1.0,0.0,1.0,1.0,0.0
162.6499999999977,0.0,1.0,0.0,1.0,1.0,1.0
162.6999999999977,0.0,1.0,0.0,1.0,1.0,1.0
162.74999999999767,0.0,1.0,0.0,1.0,1.0,1.0
162.79999999999768,0.0,1.0,1.0,1.0,1.0,1.0
162.8499999999977,0.0,1.0,1.0,1.0,1.0,1.0
162.89999999999768,0.0,1.0,1.0,1.0,1.0,1.0
162.94999999999766,0.0,1.0,1.0,1.0,1.0,1.0
162.99999999999767,0.0,1.0,1.0,1.0,1.0,1.0
163.04999999999768,0.0,1.0,1.0,1.0,0.0,1.0
163.09999999999766,0.0,1.0,1.0,1.0,0.0,1.0
163.14999999999765,0.0,1.0,1.0,1.0,0.0,1.0
163.19999999999766,0.0,1.0,1.0,1.0,0.0,1.0
163.24999999999767,0.0,1.0,1.0,1.0,0.0,1.0
163.29999999999765,0.0,1.0,1.0,1.0,0.0,1.0
163.34999999999764,0.0,1.0,1.0,1.0,0.0,1.0
163.39999999999765,0.0,1.0,1.0,1.0,0.0,1.0
163.44999999999766,0.0,1.0,1.0,1.0,0.0,1.0
163.49999999999764,0.0,1.0,1.0,1.0,0.0,1.0
163.54999999999762,0.0,1.0,1.0,1.0,0.0,1.0
163.59999999999764,0.0,1.0,1.0,1.0,0.0,1.0
163.64999999999765,0.0,1.0,1.0,1.0,0.0,1.0
163.69999999999763,0.0,1.0,1.0,1.0,0.0,1.0
163.7499999999976,0.0,1.0,1.0,1.0,0.0,1.0
163.79999999999762,0.0,1.0,1.0,1.0,0.0,1.0
163.84999999999764,0.0,1.0,1.0,1.0,0.0,1.0
163.89999999999762,0.0,1.0,1.0,1.0,0.0,1.0
163.9499999999976,0.0,1.0,1.0,1.0,0.0,1.0
163.9999999999976,0.0,1.0,1.0,1.0,0.0,1.0
164.04999999999762,0.0,1.0,1.0,1.0,0.0,1.0
164.0999999999976,0.0,1.0,1.0,1.0,0.0,1.0
164.1499999999976,0.0,1.0,1.0,1.0,0.0,1.0
164.1999999999976,0.0,1.0,1.0,1.0,0.0,1.0
164.2499999999976,0.0,1.0,1.0,1.0,0.0,1.0
164.2999999999976,0.0,1.0,1.0,1.0,0.0,1.0
164.34999999999758,0.0,1.0,1.0,1.0,0.0,1.0
164.3999999999976,0.0,1.0,1.0,1.0,0.0,1.0
164.4499999999976,0.0,1.0,1.0,0.0,0.0,1.0
164.49999999999758,0.0,1.0,1.0,0.0,0.0,1.0
164.54999999999757,0.0,1.0,1.0,0.0,0.0,1.0
164.59999999999758,0.0,0.0,1.0,0.0,0.0,1.0
164.6499999999976,0.0,0.0,1.0,0.0,0.0,1.0
164.69999999999757,0.0,0.0,1.0,0.0,0.0,1.0
164.74999999999756,0.0,0.0,1.0,0.0,0.0,1.0
164.79999999999757,0.0,0.0,1.0,0.0,0.0,1.0
164.84999999999758,0.0,0.0,1.0,0.0,0.0,1.0
164.89999999999756,0.0,0.0,1.0,0.0,0.0,1.0
164.94999999999754,0.0,0.0,1.0,0.0,0.0,1.0
164.99999999999756,0.0,0.0,1.0,0.0,0.0,1.0
165.04999999999757,0.0,0.0,1.0,0.0,0.0,1.0
165.09999999999755,0.0,0.0,1.0,0.0,0.0,1.0
165.14999999999753,0.0,0.0,1.0,0.0,0.0,1.0
165.19999999999754,0.0,0.0,1.0,0.0,0.0,1.0
165.24999999999756,0.0,0.0,1.0,0.0,0.0,1.0
165.29999999999754,0.0,0.0,1.0,0.0,0.0,1.0
165.34999999999752,0.0,0.0,1.0,0.0,0.0,1.0
165.39999999999753,0.0,0.0,1.0,0.0,0.0,1.0
165.44999999999754,0.0,0.0,1.0,0.0,0.0,1.0
165.49999999999753,0.0,0.0,1.0,0.0,0.0,1.0
165.5499999999975,0.0,0.0,1.0,0.0,0.0,1.0
165.59999999999752,0.0,0.0,1.0,0.0,1.0,1.0
165.64999999999753,0.0,0.0,1.0,0.0,1.0,1.0
165.69999999999752,0.0,0.0,1.0,0.0,1.0,1.0
165.7499999999975,0.0,0.0,1.0,0.0,1.0,1.0
165.7999999999975,0.0,0.0,1.0,0.0,1.0,1.0
165.84999999999752,0.0,0.0,1.0,0.0,1.0,1.0
165.8999999999975,0.0,0.0,1.0,0.0,1.0,1.0
165.9499999999975,0.0,0.0,1.0,0.0,1.0,1.0
165.9999999999975,0.0,0.0,1.0,0.0,1.0,1.0
166.0499999999975,0.0,0.0,1.0,0.0,1.0,1.0
166.0999999999975,0.0,0.0,1.0,0.0,1.0,1.0
166.14999999999748,0.0,0.0,1.0,0.0,1.0,1.0
166.1999999999975,0.0,0.0,1.0,0.0,1.0,1.0
166.2499999999975,0.0,0.0,1.0,0.0,1.0,1.0
166.29999999999748,0.0,0.0,1.0,0.0,1.0,1.0
166.34999999999746,0.0,0.0,1.0,0.0,1.0,1.0
166.39999999999748,0.0,0.0,1.0,0.0,1.0,1.0
166.4499999999975,0.0,0.0,1.0,0.0,1.0,1.0
166.49999999999747,0.0,0.0,1.0,0.0,1.0,1.0
166.54999999999745,0.0,0.0,1.0,0.0,1.0,1.0
166.59999999999746,0.0,0.0,1.0,0.0,1.0,1.0
166.64999999999748,0.0,0.0,1.0,0.0,1.0,1.0
166.69999999999746,0.0,0.0,1.0,0.0,1.0,1.0
166.74999999999744,0.0,0.0,1.0,0.0,1.0,1.0
166.79999999999745,0.0,0.0,1.0,0.0,1.0,1.0
166.84999999999746,0.0,0.0,1.0,0.0,1.0,1.0
166.89999999999745,0.0,0.0,1.0,0.0,1.0,1.0
166.94999999999743,0.0,0.0,1.0,0.0,1.0,1.0
166.99999999999744,0.0,0.0,1.0,0.0,1.0,1.0
167.04999999999745,0.0,0.0,1.0,0.0,1.0,1.0
167.09999999999744,0.0,0.0,1.0,0.0,1.0,1.0
167.14999999999742,0.0,0.0,1.0,0.0,1.0,1.0
167.19999999999743,0.0,0.0,1.0,0.0,1.0,1.0
167.24999999999744,0.0,0.0,1.0,0.0,1.0,1.0
167.29999999999742,0.0,0.0,1.0,0.0,1.0,1.0
167.3499999999974,0.0,0.0,1.0,0.0,1.0,1.0
167.39999999999742,0.0,1.0,1.0,0.0,1.0,1.0
167.44999999999743,0.0,1.0,1.0,0.0,1.0,1.0
167.4999999999974,0.0,1.0,1.0,0.0,1.0,1.0
167.5499999999974,0.0,1.0,1.0,0.0,1.0,1.0
167.5999999999974,0.0,1.0,1.0,0.0,1.0,1.0
167.64999999999742,0.0,1.0,1.0,1.0,1.0,1.0
167.6999999999974,0.0,1.0,1.0,1.0,1.0,1.0
167.74999999999739,0.0,1.0,1.0,1.0,1.0,1.0
167.7999999999974,0.0,1.0,1.0,1.0,1.0,1.0
167.8499999999974,0.0,1.0,1.0,1.0,1.0,1.0
167.8999999999974,0.0,1.0,1.0,1.0,1.0,1.0
167.94999999999737,0.0,1.0,1.0,1.0,1.0,1.0
167.99999999999739,0.0,1.0,1.0,1.0,1.0,1.0
168.0499999999974,0.0,1.0,1.0,1.0,1.0,1.0
168.09999999999738,0.0,1.0,1.0,1.0,1.0,1.0
168.14999999999736,0.0,1.0,1.0,1.0,1.0,1.0
168.19999999999737,0.0,1.0,1.0,1.0,1.0,1.0
168.24999999999739,0.0,1.0,1.0,1.0,1.0,1.0
168.29999999999737,0.0,1.0,1.0,1.0,1.0,1.0
168.34999999999735,0.0,1.0,1.0,1.0,1.0,1.0
168.39999999999736,0.0,1.0,1.0,1.0,1.0,1.0
168.44999999999737,0.0,1.0,1.0,1.0,1.0,1.0
168.49999999999736,0.0,1.0,1.0,1.0,1.0,1.0
168.54999999999734,0.0,1.0,1.0,1.0,1.0,1.0
168.59999999999735,0.0,1.0,1.0,1.0,1.0,1.0
168.64999999999736,0.0,1.0,1.0,1.0,1.0,1.0
168.69999999999735,0.0,1.0,1.0,1.0,1.0,1.0
168.74999999999733,0.0,1.0,1.0,1.0,1.0,1.0
168.79999999999734,0.0,1.0,1.0,1.0,1.0,1.0
168.84999999999735,0.0,1.0,1.0,1.0,1.0,1.0
168.89999999999733,0.0,1.0,1.0,1.0,1.0,1.0
168.94999999999732,0.0,1.0,1.0,1.0,1.0,1.0
168.99999999999733,0.0,1.0,1.0,1.0,1.0,1.0
169.04999999999734,0.0,1.0,1.0,1.0,1.0,1.0
169.09999999999732,0.0,1.0,1.0,1.0,1.0,1.0
169.1499999999973,0.0,1.0,1.0,1.0,1.0,1.0
169.19999999999732,0.0,1.0,1.0,1.0,1.0,1.0
169.24999999999733,0.0,1.0,1.0,1.0,1.0,1.0
169.2999999999973,0.0,1.0,1.0,1.0,1.0,1.0
169.3499999999973,0.0,1.0,1.0,1.0,1.0,1.0
169.3999999999973,0.0,1.0,1.0,1.0,1.0,1.0
169.44999999999732,0.0,1.0,1.0,1.0,1.0,1.0
169.4999999999973,0.0,1.0,1.0,1.0,1.0,1.0
169.54999999999728,0.0,1.0,1.0,1.0,1.0,0.0
169.5999999999973,0.0,1.0,1.0,1.0,1.0,0.0
169.6499999999973,0.0,1.0,1.0,1.0,1.0,0.0
169.6999999999973,0.0,1.0,1.0,1.0,1.0,0.0
169.74999999999727,0.0,1.0,1.0,1.0,1.0,0.0
169.79999999999728,0.0,1.0,1.0,1.0,1.0,0.0
169.8499999999973,0.0,1.0,1.0,1.0,1.0,0.0
169.89999999999728,0.0,1.0,1.0,1.0,1.0,0.0
169.94999999999726,0.0,1.0,0.0,1.0,1.0,0.0
169.99999999999727,0.0,1.0,0.0,1.0,1.0,0.0
170.04999999999728,0.0,1.0,0.0,1.0,1.0,0.0
170.09999999999727,0.0,1.0,0.0,1.0,1.0,0.0
170.14999999999725,0.0,1.0,0.0,1.0,1.0,0.0
170.19999999999726,0.0,1.0,0.0,1.0,1.0,0.0
170.24999999999727,0.0,1.0,0.0,1.0,1.0,0.0
170.29999999999725,0.0,1.0,0.0,1.0,1.0,0.0
170.34999999999724,0.0,1.0,0.0,1.0,1.0,0.0
170.39999999999725,0.0,1.0,0.0,1.0,1.0,0.0
170.44999999999726,0.0,1.0,0.0,1.0,0.0,0.0
170.49999999999724,0.0,1.0,0.0,1.0,0.0,0.0
170.54999999999723,0.0,1.0,0.0,1.0,0.0,0.0
170.59999999999724,0.0,1.0,0.0,1.0,0.0,0.0
170.64999999999725,0.0,1.0,0.0,1.0,0.0,0.0
170.69999999999723,0.0,1.0,0.0,1.0,0.0,0.0
170.74999999999721,0.0,1.0,0.0,1.0,0.0,0.0
170.79999999999723,0.0,1.0,0.0,1.0,0.0,0.0
170.84999999999724,0.0,1.0,0.0,1.0,0.0,0.0
170.89999999999722,0.0,1.0,0.0,1.0,0.0,0.0
170.9499999999972,0.0,1.0,0.0,1.0,0.0,0.0
170.99999999999721,0.0,0.0,0.0,0.0,0.0,0.0
171.04999999999723,0.0,0.0,0.0,0.0,0.0,0.0
171.0999999999972,0.0,0.0,0.0,0.0,0.0,0.0
171.1499999999972,0.0,0.0,0.0,0.0,0.0,0.0
171.1999999999972,0.0,0.0,0.0,0.0,0.0,0.0
171.24999999999721,0.0,0.0,0.0,0.0,0.0,0.0
171.2999999999972,0.0,0.0,0.0,0.0,0.0,0.0
171.34999999999718,0.0,0.0,0.0,0.0,0.0,0.0
171.3999999999972,0.0,0.0,0.0,0.0,0.0,0.0
171.4499999999972,0.0,0.0,0.0,0.0,0.0,0.0
171.4999999999972,1.0,0.0,1.0,0.0,0.0,0.0
171.54999999999717,1.0,0.0,1.0,0.0,0.0,0.0
171.59999999999718,1.0,0.0,1.0,0.0,0.0,0.0
171.6499999999972,1.0,0.0,1.0,0.0,0.0,0.0
171.69999999999717,1.0,0.0,1.0,0.0,0.0,0.0
171.74999999999716,1.0,0.0,1.0,0.0,0.0,0.0
171.79999999999717,1.0,0.0,1.0,0.0,0.0,0.0
171.84999999999718,1.0,0.0,1.0,0.0,0.0,0.0
171.89999999999716,1.0,0.0,1.0,0.0,0.0,0.0
171.94999999999715,1.0,0.0,1.0,0.0,0.0,0.0
171.99999999999716,1.0,0.0,1.0,0.0,0.0,0.0
172.04999999999717,1.0,0.0,1.0,0.0,0.0,0.0
172.09999999999715,1.0,0.0,1.0,0.0,0.0,0.0
172.14999999999714,1.0,0.0,1.0,0.0,0.0,1.0
172.19999999999715,1.0,0.0,1.0,0.0,0.0,1.0
172.24999999999716,1.0,0.0,1.0,0.0,0.0,1.0
172.29999999999714,1.0,0.0,1.0,0.0,0.0,1.0
172.34999999999712,1.0,0.0,1.0,0.0,0.0,1.0
172.39999999999714,1.0,0.0,1.0,0.0,0.0,1.0
172.44999999999715,1.0,0.0,1.0,0.0,0.0,1.0
172.49999999999713,1.0,0.0,1.0,0.0,0.0,1.0
172.5499999999971,1.0,0.0,1.0,0.0,0.0,1.0
172.59999999999712,1.0,0.0,1.0,0.0,0.0,1.0
172.64999999999714,1.0,0.0,1.0,0.0,0.0,1.0
172.69999999999712,1.0,0.0,1.0,0.0,0.0,1.0
172.7499999999971,1.0,0.0,1.0,0.0,1.0,1.0
172.7999999999971,1.0,0.0,1.0,0.0,1.0,1.0
172.84999999999712,1.0,0.0,1.0,0.0,1.0,1.0
172.8999999999971,1.0,0.0,1.0,0.0,1.0,1.0
172.9499999999971,1.0,0.0,1.0,0.0,1.0,1.0
172.9999999999971,1.0,0.0,1.0,0.0,1.0,1.0
173.0499999999971,1.0,0.0,1.0,0.0,1.0,1.0
173.0999999999971,1.0,0.0,1.0,0.0,1.0,1.0
173.14999999999708,1.0,0.0,1.0,0.0,1.0,1.0
173.1999999999971,1.0,0.0,1.0,0.0,1.0,1.0
173.2499999999971,1.0,0.0,1.0,0.0,1.0,1.0
173.29999999999708,1.0,0.0,1.0,0.0,1.0,1.0
173.34999999999707,1.0,0.0,1.0,0.0,1.0,1.0
173.39999999999708,1.0,0.0,1.0,0.0,1.0,1.0
173.4499999999971,1.0,0.0,1.0,0.0,1.0,1.0
173.49999999999707,1.0,0.0,1.0,0.0,1.0,1.0
173.54999999999706,1.0,1.0,1.0,0.0,1.0,1.0
173.59999999999707,1.0,1.0,1.0,0.0,1.0,1.0
173.64999999999708,1.0,1.0,1.0,0.0,1.0,1.0
173.69999999999706,1.0,1.0,1.0,0.0,1.0,1.0
173.74999999999704,1.0,1.0,1.0,0.0,1.0,1.0
173.79999999999706,0.0,1.0,1.0,0.0,1.0,1.0
173.84999999999707,0.0,1.0,1.0,0.0,1.0,1.0
173.89999999999705,0.0,1.0,1.0,0.0,1.0,1.0
173.94999999999703,0.0,1.0,1.0,0.0,1.0,1.0
173.99999999999704,0.0,1.0,1.0,0.0,1.0,1.0
174.04999999999706,0.0,1.0,1.0,0.0,1.0,1.0
174.09999999999704,0.0,1.0,1.0,0.0,1.0,1.0
174.14999999999702,0.0,1.0,1.0,0.0,1.0,1.0
174.19999999999703,0.0,1.0,1.0,0.0,1.0,1.0
174.24999999999704,0.0,1.0,1.0,0.0,1.0,1.0
174.29999999999703,0.0,1.0,1.0,1.0,1.0,1.0
174.349999999997,0.0,1.0,1.0,1.0,1.0,1.0
174.39999999999702,0.0,1.0,1.0,1.0,1.0,1.0
174.44999999999703,0.0,1.0,1.0,1.0,1.0,1.0
174.49999999999702,0.0,1.0,1.0,1.0,1.0,1.0
174.549999999997,0.0,1.0,1.0,1.0,1.0,1.0
174.599999999997,0.0,1.0,1.0,1.0,1.0,1.0
174.64999999999702,0.0,1.0,1.0,1.0,1.0,1.0
174.699999999997,0.0,1.0,1.0,1.0,1.0,1.0
174.749999999997,0.0,1.0,1.0,1.0,1.0,1.0
174.799999999997,0.0,1.0,1.0,1.0,1.0,1.0
174.849999999997,0.0,1.0,1.0,1.0,1.0,1.0
174.899999999997,0.0,1.0,1.0,1.0,1.0,1.0
174.94999999999698,0.0,1.0,1.0,1.0,1.0,1.0
174.999999999997,0.0,1.0,1.0,1.0,1.0,1.0
175.049999999997,0.0,1.0,1.0,1.0,1.0,1.0
175.09999999999698,0.0,1.0,1.0,1.0,1.0,1.0
175.14999999999696,0.0,1.0,1.0,1.0,1.0,1.0
175.19999999999698,0.0,1.0,1.0,1.0,1.0,1.0
175.249999999997,0.0,1.0,1.0,1.0,1.0,1.0
175.29999999999697,0.0,1.0,1.0,1.0,1.0,1.0
175.34999999999695,0.0,1.0,1.0,1.0,1.0,1.0
175.39999999999696,0.0,1.0,1.0,1.0,1.0,1.0
175.44999999999698,0.0,1.0,1.0,1.0,1.0,1.0
175.49999999999696,0.0,1.0,1.0,1.0,1.0,1.0
175.54999999999694,0.0,1.0,1.0,1.0,1.0,1.0
175.59999999999695,0.0,1.0,1.0,1.0,1.0,1.0
175.64999999999696,0.0,1.0,1.0,1.0,1.0,1.0
175.69999999999695,0.0,1.0,1.0,1.0,1.0,1.0
175.74999999999693,0.0,1.0,1.0,1.0,1.0,1.0
175.79999999999694,0.0,1.0,1.0,1.0,1.0,1.0
175.84999999999695,0.0,1.0,1.0,1.0,1.0,1.0
175.89999999999694,0.0,1.0,1.0,1.0,1.0,1.0
175.94999999999692,0.0,1.0,1.0,1.0,1.0,1.0
175.99999999999693,0.0,1.0,1.0,1.0,1.0,1.0
176.04999999999694,0.0,1.0,1.0,1.0,1.0,1.0
176.09999999999692,0.0,1.0,1.0,1.0,1.0,1.0
176.1499999999969,0.0,1.0,1.0,1.0,1.0,1.0
176.19999999999692,0.0,1.0,1.0,1.0,1.0,1.0
176.24999999999693,0.0,1.0,1.0,1.0,1.0,1.0
176.2999999999969,0.0,1.0,1.0,1.0,1.0,1.0
176.3499999999969,0.0,1.0,1.0,1.0,0.0,1.0
176.3999999999969,0.0,1.0,1.0,1.0,0.0,1.0
176.44999999999692,0.0,1.0,1.0,1.0,0.0,1.0
176.4999999999969,0.0,1.0,1.0,1.0,0.0,1.0
176.54999999999688,0.0,1.0,1.0,1.0,0.0,1.0
176.5999999999969,0.0,1.0,1.0,1.0,0.0,1.0
176.6499999999969,0.0,1.0,1.0,1.0,0.0,1.0
176.6999999999969,0.0,1.0,1.0,1.0,0.0,1.0
176.74999999999687,0.0,1.0,1.0,1.0,0.0,1.0
176.79999999999688,0.0,1.0,1.0,1.0,0.0,1.0
176.8499999999969,0.0,1.0,1.0,1.0,0.0,1.0
176.89999999999688,0.0,1.0,1.0,1.0,0.0,1.0
176.94999999999686,0.0,1.0,1.0,1.0,0.0,1.0
176.99999999999687,0.0,1.0,1.0,1.0,0.0,0.0
177.04999999999688,0.0,1.0,1.0,1.0,0.0,0.0
177.09999999999687,0.0,1.0,1.0,1.0,0.0,0.0
177.14999999999685,0.0,1.0,0.0,1.0,0.0,0.0
177.19999999999686,0.0,1.0,0.0,1.0,0.0,0.0
177.24999999999687,0.0,1.0,0.0,1.0,0.0,0.0
177.29999999999686,0.0,1.0,0.0,1.0,0.0,0.0
177.34999999999684,0.0,1.0,0.0,1.0,0.0,0.0
177.39999999999685,0.0,1.0,0.0,1.0,0.0,0.0
177.44999999999686,0.0,1.0,0.0,1.0,0.0,0.0
177.49999999999685,0.0,1.0,0.0,1.0,0.0,0.0
177.54999999999683,0.0,1.0,0.0,1.0,0.0,0.0
177.59999999999684,0.0,1.0,0.0,1.0,0.0,0.0
177.64999999999685,0.0,1.0,0.0,1.0,0.0,0.0
177.69999999999683,0.0,1.0,0.0,1.0,0.0,0.0
177.74999999999682,0.0,1.0,0.0,1.0,0.0,0.0
177.79999999999683,0.0,1.0,0.0,1.0,0.0,0.0
177.84999999999684,0.0,1.0,0.0,1.0,0.0,0.0
177.89999999999682,0.0,1.0,0.0,1.0,0.0,0.0
177.9499999999968,0.0,1.0,0.0,1.0,0.0,0.0
177.99999999999682,0.0,1.0,0.0,1.0,0.0,0.0
178.04999999999683,0.0,1.0,0.0,1.0,0.0,0.0
178.0999999999968,0.0,1.0,0.0,1.0,0.0,0.0
178.1499999999968,0.0,0.0,0.0,0.0,0.0,0.0
178.1999999999968,0.0,0.0,0.0,0.0,0.0,0.0
178.24999999999682,0.0,0.0,0.0,0.0,0.0,0.0
178.2999999999968,1.0,0.0,0.0,0.0,0.0,1.0
178.34999999999678,1.0,0.0,0.0,0.0,0.0,1.0
178.3999999999968,1.0,0.0,0.0,0.0,0.0,1.0
178.4499999999968,1.0,0.0,0.0,0.0,0.0,1.0
178.4999999999968,1.0,0.0,0.0,0.0,0.0,1.0
178.54999999999677,1.0,0.0,0.0,0.0,0.0,1.0
178.59999999999678,1.0,0.0,0.0,0.0,0.0,1.0
178.6499999999968,1.0,0.0,0.0,0.0,0.0,1.0
178.69999999999678,1.0,0.0,0.0,0.0,0.0,1.0
178.74999999999676,1.0,0.0,0.0,0.0,0.0,1.0
178.79999999999677,1.0,0.0,0.0,0.0,0.0,1.0
178.84999999999678,1.0,0.0,0.0,0.0,0.0,1.0
178.89999999999677,1.0,0.0,0.0,0.0,0.0,1.0
178.94999999999675,1.0,0.0,0.0,0.0,0.0,1.0
178.99999999999676,1.0,0.0,0.0,0.0,0.0,1.0
179.04999999999677,1.0,0.0,0.0,0.0,0.0,1.0
179.09999999999675,1.0,0.0,0.0,0.0,0.0,1.0
179.14999999999674,1.0,0.0,0.0,0.0,0.0,1.0
179.19999999999675,1.0,0.0,1.0,0.0,1.0,1.0
179.24999999999676,1.0,0.0,1.0,0.0,1.0,1.0
179.29999999999674,1.0,0.0,1.0,0.0,1.0,1.0
179.34999999999673,1.0,0.0,1.0,0.0,1.0,1.0
179.39999999999674,1.0,0.0,1.0,0.0,1.0,1.0
179.44999999999675,1.0,0.0,1.0,0.0,1.0,1.0
179.49999999999673,1.0,0.0,1.0,0.0,1.0,1.0
179.54999999999671,1.0,0.0,1.0,0.0,1.0,1.0
179.59999999999673,1.0,0.0,1.0,0.0,1.0,1.0
179.64999999999674,1.0,0.0,1.0,0.0,1.0,1.0
179.69999999999672,1.0,0.0,1.0,0.0,1.0,1.0
179.7499999999967,1.0,0.0,1.0,0.0,1.0,1.0
179.79999999999671,1.0,0.0,1.0,0.0,1.0,1.0
179.84999999999673,1.0,0.0,1.0,0.0,1.0,1.0
179.8999999999967,1.0,0.0,1.0,0.0,1.0,1.0
179.9499999999967,1.0,0.0,1.0,0.0,1.0,1.0
179.9999999999967,1.0,0.0,1.0,0.0,1.0,1.0
180.04999999999671,1.0,0.0,1.0,0.0,1.0,1.0
180.0999999999967,1.0,0.0,1.0,0.0,1.0,1.0
180.14999999999668,1.0,0.0,1.0,0.0,1.0,1.0
180.1999999999967,1.0,0.0,1.0,0.0,1.0,1.0
180.2499999999967,1.0,0.0,1.0,0.0,1.0,1.0
180.2999999999967,1.0,0.0,1.0,0.0,1.0,1.0
180.34999999999667,1.0,0.0,1.0,0.0,1.0,1.0
180.39999999999668,1.0,0.0,1.0,0.0,1.0,1.0
180.4499999999967,1.0,1.0,1.0,0.0,1.0,1.0
180.49999999999667,1.0,1.0,1.0,0.0,1.0,1.0
180.54999999999666,1.0,1.0,1.0,0.0,1.0,1.0
180.59999999999667,1.0,1.0,1.0,0.0,1.0,1.0
180.64999999999668,1.0,1.0,1.0,0.0,1.0,1.0
180.69999999999666,1.0,1.0,1.0,0.0,1.0,1.0
180.74999999999665,1.0,1.0,1.0,0.0,1.0,1.0
180.79999999999666,1.0,1.0,1.0,0.0,1.0,1.0
180.84999999999667,1.0,1.0,1.0,0.0,1.0,1.0
180.89999999999665,1.0,1.0,1.0,0.0,1.0,1.0
180.94999999999663,1.0,1.0,1.0,1.0,1.0,1.0
180.99999999999665,1.0,1.0,1.0,1.0,1.0,1.0
181.04999999999666,1.0,1.0,1.0,1.0,1.0,1.0
181.09999999999664,1.0,1.0,1.0,1.0,1.0,1.0
181.14999999999662,1.0,1.0,1.0,1.0,1.0,1.0
181.19999999999663,1.0,1.0,1.0,1.0,1.0,1.0
181.24999999999665,1.0,1.0,1.0,1.0,1.0,1.0
181.29999999999663,1.0,1.0,1.0,1.0,1.0,1.0
181.3499999999966,1.0,1.0,1.0,1.0,1.0,1.0
181.39999999999662,1.0,1.0,1.0,1.0,1.0,1.0
181.44999999999663,1.0,1.0,1.0,1.0,1.0,1.0
181.49999999999662,1.0,1.0,1.0,1.0,1.0,1.0
181.5499999999966,1.0,1.0,1.0,1.0,1.0,1.0
181.5999999999966,0.0,1.0,1.0,1.0,1.0,1.0
181.64999999999662,0.0,1.0,1.0,1.0,1.0,1.0
181.6999999999966,0.0,1.0,1.0,1.0,1.0,1.0
181.7499999999966,0.0,1.0,1.0,1.0,1.0,1.0
181.7999999999966,0.0,1.0,1.0,1.0,1.0,1.0
181.8499999999966,0.0,1.0,1.0,1.0,1.0,1.0
181.8999999999966,0.0,1.0,1.0,1.0,1.0,1.0
181.94999999999658,0.0,1.0,1.0,1.0,1.0,1.0
181.9999999999966,0.0,1.0,1.0,1.0,1.0,1.0
182.0499999999966,0.0,1.0,1.0,1.0,1.0,1.0
182.09999999999658,0.0,1.0,1.0,1.0,1.0,1.0
182.14999999999657,0.0,1.0,1.0,1.0,1.0,1.0
182.19999999999658,0.0,1.0,1.0,1.0,1.0,1.0
182.2499999999966,0.0,1.0,1.0,1.0,1.0,1.0
182.29999999999657,0.0,1.0,1.0,1.0,1.0,1.0
182.34999999999656,0.0,1.0,1.0,1.0,1.0,1.0
182.39999999999657,0.0,1.0,1.0,1.0,1.0,1.0
182.44999999999658,0.0,1.0,1.0,1.0,1.0,1.0
182.49999999999656,0.0,1.0,1.0,1.0,1.0,1.0
182.54999999999654,0.0,1.0,1.0,1.0,1.0,1.0
182.59999999999656,0.0,1.0,1.0,1.0,1.0,1.0
182.64999999999657,0.0,1.0,1.0,1.0,1.0,1.0
182.69999999999655,0.0,1.0,1.0,1.0,1.0,1.0
182.74999999999653,0.0,1.0,1.0,1.0,1.0,1.0
182.79999999999654,0.0,1.0,1.0,1.0,1.0,1.0
182.84999999999656,0.0,1.0,1.0,1.0,1.0,1.0
182.89999999999654,0.0,1.0,1.0,1.0,1.0,1.0
182.94999999999652,0.0,1.0,1.0,1.0,1.0,1.0
182.99999999999653,0.0,1.0,1.0,1.0,1.0,1.0
183.04999999999654,0.0,1.0,1.0,1.0,1.0,1.0
183.09999999999653,0.0,1.0,1.0,1.0,1.0,1.0
183.1499999999965,0.0,1.0,1.0,1.0,1.0,1.0
183.19999999999652,0.0,1.0,1.0,1.0,1.0,1.0
183.24999999999653,0.0,1.0,1.0,1.0,1.0,1.0
183.29999999999652,0.0,1.0,1.0,1.0,0.0,1.0
183.3499999999965,0.0,1.0,1.0,1.0,0.0,1.0
183.3999999999965,0.0,1.0,1.0,1.0,0.0,0.0
183.44999999999652,0.0,1.0,1.0,1.0,0.0,0.0
183.4999999999965,0.0,1.0,1.0,1.0,0.0,0.0
183.5499999999965,0.0,1.0,1.0,1.0,0.0,0.0
183.5999999999965,0.0,1.0,1.0,1.0,0.0,0.0
183.6499999999965,0.0,1.0,1.0,1.0,0.0,0.0
183.6999999999965,0.0,1.0,1.0,1.0,0.0,0.0
183.74999999999648,0.0,1.0,1.0,1.0,0.0,0.0
183.7999999999965,0.0,1.0,0.0,1.0,0.0,0.0
183.8499999999965,0.0,1.0,0.0,1.0,0.0,0.0
183.89999999999648,0.0,1.0,0.0,1.0,0.0,0.0
183.94999999999646,0.0,1.0,0.0,1.0,0.0,0.0
183.99999999999648,0.0,1.0,0.0,1.0,0.0,0.0
184.0499999999965,0.0,1.0,0.0,1.0,0.0,0.0
184.09999999999647,0.0,1.0,0.0,1.0,0.0,0.0
184.14999999999645,0.0,1.0,0.0,1.0,0.0,0.0
184.19999999999646,0.0,1.0,0.0,1.0,0.0,0.0
184.24999999999648,0.0,1.0,0.0,1.0,0.0,0.0
184.29999999999646,0.0,1.0,0.0,1.0,0.0,0.0
184.34999999999644,0.0,1.0,0.0,1.0,0.0,0.0
184.39999999999645,0.0,1.0,0.0,1.0,0.0,0.0
184.44999999999646,0.0,1.0,0.0,0.0,0.0,0.0
184.49999999999645,0.0,1.0,0.0,0.0,0.0,0.0
184.54999999999643,0.0,1.0,1.0,0.0,0.0,0.0
184.59999999999644,0.0,1.0,1.0,0.0,0.0,0.0
184.64999999999645,0.0,1.0,1.0,0.0,0.0,0.0
184.69999999999644,0.0,1.0,1.0,0.0,0.0,0.0
184.74999999999642,0.0,1.0,1.0,0.0,0.0,0.0
184.79999999999643,0.0,1.0,1.0,0.0,0.0,0.0
184.84999999999644,0.0,1.0,1.0,0.0,0.0,0.0
184.89999999999642,0.0,1.0,1.0,0.0,0.0,0.0
184.9499999999964,1.0,1.0,1.0,0.0,0.0,0.0
184.99999999999642,1.0,1.0,1.0,0.0,0.0,0.0
185.04999999999643,1.0,1.0,1.0,0.0,0.0,0.0
185.0999999999964,1.0,1.0,1.0,0.0,0.0,0.0
185.1499999999964,1.0,1.0,1.0,0.0,0.0,0.0
185.1999999999964,1.0,1.0,1.0,0.0,0.0,0.0
185.24999999999642,1.0,1.0,1.0,0.0,0.0,0.0
185.2999999999964,1.0,1.0,1.0,0.0,0.0,1.0
185.34999999999638,1.0,1.0,1.0,0.0,0.0,1.0
185.3999999999964,1.0,1.0,1.0,0.0,0.0,1.0
185.4499999999964,1.0,1.0,1.0,0.0,0.0,1.0
185.4999999999964,1.0,1.0,1.0,0.0,0.0,1.0
185.54999999999637,1.0,1.0,1.0,0.0,0.0,1.0
185.59999999999638,1.0,1.0,1.0,0.0,0.0,1.0
185.6499999999964,1.0,1.0,1.0,0.0,0.0,1.0
185.69999999999638,1.0,1.0,1.0,0.0,0.0,1.0
185.74999999999636,1.0,1.0,1.0,0.0,0.0,1.0
185.79999999999637,1.0,1.0,1.0,0.0,0.0,1.0
185.84999999999638,1.0,1.0,1.0,0.0,1.0,1.0
185.89999999999637,1.0,1.0,1.0,0.0,1.0,1.0
185.94999999999635,1.0,1.0,1.0,0.0,1.0,1.0
185.99999999999636,1.0,1.0,1.0,0.0,1.0,1.0
186.04999999999637,1.0,1.0,1.0,0.0,1.0,1.0
186.09999999999636,1.0,1.0,1.0,0.0,1.0,1.0
186.14999999999634,1.0,1.0,1.0,0.0,1.0,1.0
186.19999999999635,1.0,1.0,1.0,0.0,1.0,1.0
186.24999999999636,1.0,1.0,1.0,0.0,1.0,1.0
186.29999999999634,1.0,1.0,1.0,0.0,1.0,1.0
186.34999999999633,1.0,1.0,1.0,0.0,1.0,1.0
186.39999999999634,1.0,1.0,1.0,0.0,1.0,1.0
186.44999999999635,1.0,1.0,1.0,0.0,1.0,1.0
186.49999999999633,1.0,1.0,1.0,0.0,1.0,1.0
186.54999999999632,1.0,1.0,1.0,0.0,1.0,1.0
186.59999999999633,1.0,1.0,1.0,0.0,1.0,1.0
186.64999999999634,1.0,1.0,1.0,0.0,1.0,1.0
186.69999999999632,1.0,1.0,1.0,0.0,1.0,1.0
186.7499999999963,1.0,1.0,1.0,0.0,1.0,1.0
186.79999999999632,1.0,1.0,1.0,0.0,1.0,1.0
186.84999999999633,1.0,1.0,1.0,0.0,1.0,1.0
186.8999999999963,1.0,1.0,1.0,0.0,1.0,1.0
186.9499999999963,1.0,1.0,1.0,0.0,1.0,1.0
186.9999999999963,1.0,1.0,1.0,0.0,1.0,1.0
187.04999999999632,1.0,1.0,1.0,0.0,1.0,1.0
187.0999999999963,1.0,1.0,1.0,0.0,1.0,1.0
187.14999999999628,1.0,1.0,1.0,0.0,1.0,1.0
187.1999999999963,1.0,1.0,1.0,0.0,1.0,1.0
187.2499999999963,1.0,1.0,1.0,0.0,1.0,1.0
187.2999999999963,1.0,1.0,1.0,0.0,1.0,1.0
187.34999999999627,1.0,1.0,1.0,0.0,1.0,1.0
187.39999999999628,1.0,0.0,1.0,0.0,1.0,1.0
187.4499999999963,1.0,0.0,1.0,0.0,1.0,1.0
187.49999999999628,1.0,0.0,1.0,0.0,1.0,1.0
187.54999999999626,1.0,0.0,1.0,0.0,1.0,1.0
187.59999999999627,1.0,0.0,1.0,0.0,1.0,1.0
187.64999999999628,1.0,0.0,1.0,0.0,1.0,1.0
187.69999999999627,1.0,0.0,1.0,0.0,1.0,1.0
187.74999999999625,1.0,0.0,1.0,1.0,1.0,1.0
187.79999999999626,1.0,0.0,1.0,1.0,1.0,1.0
187.84999999999627,1.0,0.0,1.0,1.0,1.0,1.0
187.89999999999625,1.0,0.0,1.0,1.0,1.0,1.0
187.94999999999624,1.0,0.0,1.0,1.0,1.0,1.0
187.99999999999625,1.0,0.0,1.0,1.0,1.0,1.0
188.04999999999626,1.0,0.0,1.0,1.0,1.0,1.0
188.09999999999624,1.0,0.0,1.0,1.0,1.0,1.0
188.14999999999623,1.0,0.0,1.0,1.0,1.0,1.0
188.19999999999624,1.0,0.0,1.0,1.0,1.0,1.0
188.24999999999625,1.0,0.0,1.0,1.0,1.0,1.0
188.29999999999623,1.0,0.0,1.0,1.0,1.0,1.0
188.34999999999621,1.0,0.0,1.0,1.0,1.0,1.0
188.39999999999623,1.0,0.0,1.0,1.0,1.0,1.0
188.44999999999624,1.0,0.0,1.0,1.0,1.0,1.0
188.49999999999622,1.0,0.0,1.0,1.0,1.0,1.0
188.5499999999962,1.0,0.0,1.0,1.0,1.0,1.0
188.59999999999621,1.0,0.0,1.0,1.0,1.0,1.0
188.64999999999623,1.0,1.0,0.0,1.0,1.0,1.0
188.6999999999962,1.0,1.0,0.0,1.0,1.0,1.0
188.7499999999962,1.0,1.0,0.0,1.0,1.0,1.0
188.7999999999962,1.0,1.0,0.0,1.0,1.0,1.0
188.84999999999621,1.0,1.0,0.0,1.0,1.0,1.0
188.8999999999962,1.0,1.0,0.0,1.0,0.0,1.0
188.94999999999618,1.0,1.0,0.0,1.0,0.0,1.0
188.9999999999962,1.0,1.0,0.0,1.0,0.0,1.0
189.0499999999962,1.0,1.0,0.0,1.0,0.0,1.0
189.0999999999962,1.0,1.0,0.0,1.0,0.0,1.0
189.14999999999617,1.0,1.0,0.0,1.0,0.0,1.0
189.19999999999618,1.0,1.0,0.0,1.0,0.0,1.0
189.2499999999962,1.0,1.0,0.0,1.0,0.0,1.0
189.29999999999617,1.0,1.0,0.0,1.0,0.0,1.0
189.34999999999616,1.0,1.0,0.0,1.0,0.0,1.0
189.39999999999617,1.0,1.0,0.0,1.0,0.0,1.0
189.44999999999618,1.0,1.0,0.0,1.0,0.0,1.0
189.49999999999616,1.0,1.0,0.0,1.0,0.0,1.0
189.54999999999615,1.0,1.0,0.0,1.0,0.0,1.0
189.59999999999616,1.0,1.0,0.0,1.0,0.0,1.0
189.64999999999617,1.0,1.0,0.0,1.0,0.0,1.0
189.69999999999615,1.0,1.0,0.0,1.0,0.0,1.0
189.74999999999613,1.0,1.0,0.0,1.0,0.0,1.0
189.79999999999615,1.0,1.0,0.0,1.0,0.0,1.0
189.84999999999616,1.0,1.0,0.0,1.0,0.0,1.0
189.89999999999614,1.0,1.0,0.0,1.0,0.0,1.0
189.94999999999612,1.0,1.0,0.0,1.0,0.0,1.0
189.99999999999613,1.0,1.0,0.0,1.0,0.0,1.0
190.04999999999615,1.0,1.0,0.0,1.0,0.0,1.0
190.09999999999613,1.0,1.0,0.0,1.0,0.0,1.0
190.1499999999961,1.0,1.0,0.0,1.0,0.0,1.0
190.19999999999612,1.0,1.0,0.0,1.0,0.0,1.0
190.24999999999613,1.0,1.0,0.0,1.0,0.0,1.0
190.29999999999612,1.0,1.0,0.0,1.0,0.0,1.0
190.3499999999961,1.0,1.0,0.0,1.0,0.0,1.0
190.3999999999961,1.0,1.0,0.0,1.0,0.0,1.0
190.44999999999612,1.0,1.0,0.0,1.0,0.0,1.0
190.4999999999961,1.0,1.0,0.0,1.0,0.0,1.0
190.5499999999961,1.0,1.0,0.0,1.0,0.0,1.0
190.5999999999961,1.0,1.0,0.0,1.0,0.0,1.0
190.6499999999961,1.0,1.0,0.0,1.0,0.0,1.0
190.6999999999961,1.0,0.0,0.0,1.0,0.0,1.0
190.74999999999608,1.0,0.0,0.0,1.0,0.0,1.0
190.7999999999961,1.0,0.0,0.0,1.0,0.0,1.0
190.8499999999961,0.0,0.0,0.0,1.0,0.0,1.0
190.89999999999608,0.0,0.0,0.0,1.0,0.0,1.0
190.94999999999607,0.0,0.0,1.0,1.0,0.0,1.0
190.99999999999608,0.0,0.0,1.0,1.0,0.0,1.0
191.0499999999961,0.0,0.0,1.0,1.0,0.0,1.0
191.09999999999607,0.0,0.0,1.0,1.0,0.0,1.0
191.14999999999606,0.0,0.0,1.0,1.0,0.0,1.0
191.19999999999607,0.0,0.0,1.0,1.0,0.0,1.0
191.24999999999608,0.0,0.0,1.0,1.0,0.0,1.0
191.29999999999606,0.0,0.0,1.0,1.0,0.0,1.0
191.34999999999604,0.0,0.0,1.0,1.0,0.0,1.0
191.39999999999606,0.0,0.0,1.0,1.0,0.0,1.0
191.44999999999607,0.0,0.0,1.0,1.0,0.0,0.0
191.49999999999605,0.0,0.0,1.0,1.0,0.0,0.0
191.54999999999603,0.0,0.0,1.0,1.0,0.0,0.0
191.59999999999604,0.0,0.0,1.0,1.0,0.0,0.0
191.64999999999606,0.0,0.0,1.0,1.0,0.0,0.0
191.69999999999604,0.0,0.0,1.0,1.0,0.0,0.0
191.74999999999602,0.0,0.0,1.0,1.0,0.0,0.0
191.79999999999603,0.0,0.0,1.0,1.0,0.0,0.0
191.84999999999604,0.0,0.0,1.0,1.0,0.0,0.0
191.89999999999603,0.0,0.0,1.0,1.0,0.0,0.0
191.949999999996,0.0,0.0,1.0,1.0,0.0,0.0
191.99999999999602,0.0,0.0,1.0,1.0,1.0,0.0
192.04999999999603,0.0,0.0,1.0,1.0,1.0,0.0
192.09999999999602,0.0,0.0,1.0,1.0,1.0,0.0
192.149999999996,0.0,0.0,1.0,1.0,1.0,0.0
192.199999999996,0.0,0.0,1.0,1.0,1.0,0.0
192.24999999999602,0.0,1.0,1.0,0.0,1.0,0.0
192.299999999996,0.0,1.0,1.0,0.0,1.0,0.0
192.349999999996,0.0,1.0,1.0,0.0,1.0,0.0
192.399999999996,0.0,1.0,1.0,0.0,1.0,0.0
192.449999999996,0.0,1.0,1.0,0.0,1.0,0.0
192.499999999996,0.0,1.0,1.0,0.0,1.0,0.0
192.54999999999598,0.0,1.0,1.0,0.0,1.0,0.0
192.599999999996,0.0,1.0,1.0,0.0,1.0,0.0
192.649999999996,0.0,1.0,1.0,0.0,1.0,0.0
192.69999999999598,0.0,1.0,1.0,0.0,1.0,0.0
192.74999999999596,0.0,1.0,1.0,0.0,1.0,0.0
192.79999999999598,0.0,1.0,1.0,0.0,1.0,0.0
192.849999999996,0.0,1.0,1.0,0.0,1.0,0.0
192.89999999999597,0.0,1.0,1.0,0.0,1.0,0.0
192.94999999999595,0.0,1.0,1.0,0.0,1.0,0.0
192.99999999999596,0.0,1.0,1.0,0.0,1.0,0.0
193.04999999999598,0.0,1.0,1.0,0.0,1.0,0.0
193.09999999999596,0.0,1.0,1.0,0.0,1.0,0.0
193.14999999999594,0.0,1.0,1.0,0.0,1.0,0.0
193.19999999999595,0.0,1.0,1.0,0.0,1.0,0.0
193.24999999999596,0.0,1.0,1.0,0.0,1.0,0.0
193.29999999999595,0.0,1.0,1.0,0.0,1.0,0.0
193.34999999999593,0.0,1.0,1.0,0.0,1.0,0.0
193.39999999999594,0.0,1.0,1.0,0.0,1.0,0.0
193.44999999999595,0.0,1.0,1.0,0.0,1.0,0.0
193.49999999999594,0.0,1.0,1.0,0.0,1.0,0.0
193.54999999999592,0.0,1.0,1.0,0.0,1.0,0.0
193.59999999999593,0.0,1.0,1.0,0.0,1.0,0.0
193.64999999999594,1.0,1.0,1.0,0.0,1.0,0.0
193.69999999999592,1.0,1.0,1.0,0.0,1.0,0.0
193.7499999999959,1.0,1.0,1.0,0.0,1.0,0.0
193.79999999999592,1.0,1.0,1.0,0.0,1.0,0.0
193.84999999999593,1.0,1.0,1.0,0.0,1.0,0.0
193.8999999999959,1.0,1.0,1.0,0.0,1.0,0.0
193.9499999999959,1.0,1.0,1.0,0.0,1.0,0.0
193.9999999999959,1.0,1.0,1.0,0.0,1.0,0.0
194.04999999999592,1.0,1.0,1.0,0.0,1.0,0.0
194.0999999999959,1.0,1.0,1.0,0.0,1.0,0.0
194.14999999999588,1.0,1.0,1.0,0.0,1.0,0.0
194.1999999999959,1.0,1.0,1.0,0.0,1.0,0.0
194.2499999999959,1.0,1.0,1.0,0.0,1.0,0.0
194.2999999999959,1.0,1.0,1.0,0.0,1.0,0.0
194.34999999999587,1.0,1.0,1.0,0.0,1.0,0.0
194.39999999999588,1.0,1.0,1.0,0.0,1.0,0.0
194.4499999999959,1.0,1.0,1.0,0.0,1.0,0.0
194.49999999999588,1.0,1.0,1.0,0.0,1.0,0.0
194.54999999999586,1.0,1.0,1.0,0.0,1.0,0.0
194.59999999999587,1.0,1.0,1.0,0.0,1.0,0.0
194.64999999999588,1.0,1.0,1.0,0.0,1.0,0.0
194.69999999999587,1.0,1.0,1.0,0.0,1.0,0.0
194.74999999999585,1.0,1.0,1.0,0.0,1.0,0.0
194.79999999999586,1.0,1.0,1.0,1.0,1.0,0.0
194.84999999999587,1.0,1.0,1.0,1.0,1.0,0.0
194.89999999999586,1.0,1.0,1.0,1.0,1.0,0.0
194.94999999999584,1.0,1.0,1.0,1.0,1.0,0.0
194.99999999999585,1.0,1.0,1.0,1.0,1.0,0.0
195.04999999999586,1.0,1.0,1.0,1.0,1.0,0.0
195.09999999999584,1.0,1.0,1.0,1.0,1.0,0.0
195.14999999999583,1.0,1.0,1.0,1.0,1.0,0.0
195.19999999999584,1.0,1.0,1.0,1.0,1.0,0.0
195.24999999999585,1.0,1.0,1.0,1.0,1.0,0.0
195.29999999999583,1.0,1.0,1.0,1.0,1.0,1.0
195.34999999999582,1.0,1.0,1.0,1.0,1.0,1.0
195.39999999999583,1.0,1.0,1.0,1.0,1.0,1.0
195.44999999999584,1.0,1.0,1.0,1.0,1.0,1.0
195.49999999999582,1.0,1.0,1.0,1.0,1.0,1.0
195.5499999999958,1.0,1.0,1.0,1.0,1.0,1.0
195.59999999999582,1.0,0.0,1.0,1.0,1.0,1.0
195.64999999999583,1.0,0.0,1.0,1.0,1.0,1.0
195.6999999999958,1.0,0.0,1.0,1.0,1.0,1.0
195.7499999999958,1.0,0.0,1.0,1.0,1.0,1.0
195.7999999999958,1.0,0.0,0.0,1.0,1.0,1.0
195.84999999999582,1.0,0.0,0.0,1.0,1.0,1.0
195.8999999999958,1.0,0.0,0.0,1.0,1.0,1.0
195.94999999999578,1.0,0.0,0.0,1.0,1.0,1.0
195.9999999999958,1.0,0.0,0.0,1.0,1.0,1.0
196.0499999999958,1.0,0.0,0.0,1.0,1.0,1.0
196.0999999999958,1.0,0.0,0.0,1.0,1.0,1.0
196.14999999999577,1.0,0.0,0.0,1.0,1.0,1.0
196.19999999999578,1.0,0.0,0.0,1.0,1.0,1.0
196.2499999999958,1.0,0.0,0.0,1.0,1.0,1.0
196.29999999999578,1.0,0.0,0.0,1.0,1.0,1.0
196.34999999999576,1.0,0.0,0.0,1.0,1.0,1.0
196.39999999999577,1.0,0.0,0.0,1.0,1.0,1.0
196.44999999999578,1.0,0.0,0.0,1.0,1.0,1.0
196.49999999999577,1.0,0.0,0.0,1.0,1.0,1.0
196.54999999999575,1.0,0.0,0.0,1.0,1.0,1.0
196.59999999999576,1.0,0.0,0.0,1.0,1.0,1.0
196.64999999999577,1.0,0.0,0.0,1.0,1.0,1.0
196.69999999999575,1.0,0.0,0.0,1.0,1.0,1.0
196.74999999999574,1.0,0.0,0.0,1.0,1.0,1.0
196.79999999999575,1.0,0.0,0.0,1.0,1.0,1.0
196.84999999999576,1.0,0.0,0.0,1.0,0.0,1.0
196.89999999999574,1.0,0.0,0.0,1.0,0.0,1.0
196.94999999999573,1.0,0.0,0.0,1.0,0.0,1.0
196.99999999999574,1.0,0.0,0.0,1.0,0.0,1.0
197.04999999999575,1.0,0.0,0.0,1.0,0.0,1.0
197.09999999999573,1.0,0.0,0.0,1.0,0.0,1.0
197.1499999999957,1.0,0.0,0.0,1.0,0.0,1.0
197.19999999999573,1.0,0.0,0.0,1.0,0.0,1.0
197.24999999999574,1.0,0.0,0.0,1.0,0.0,1.0
197.29999999999572,1.0,0.0,0.0,1.0,0.0,1.0
197.3499999999957,1.0,0.0,0.0,1.0,0.0,1.0
197.3999999999957,1.0,0.0,0.0,1.0,0.0,1.0
197.44999999999573,1.0,0.0,0.0,1.0,0.0,1.0
197.4999999999957,1.0,0.0,0.0,0.0,0.0,1.0
197.5499999999957,1.0,0.0,0.0,0.0,0.0,1.0
197.5999999999957,1.0,0.0,0.0,0.0,0.0,1.0
197.6499999999957,1.0,0.0,0.0,0.0,0.0,1.0
197.6999999999957,1.0,0.0,0.0,0.0,0.0,1.0
197.74999999999568,1.0,0.0,0.0,0.0,0.0,1.0
197.7999999999957,1.0,0.0,0.0,0.0,0.0,1.0
197.8499999999957,1.0,0.0,0.0,0.0,0.0,1.0
197.89999999999569,1.0,1.0,0.0,0.0,0.0,1.0
197.94999999999567,1.0,1.0,0.0,0.0,0.0,1.0
197.99999999999568,1.0,1.0,0.0,0.0,0.0,1.0
198.0499999999957,1.0,1.0,0.0,0.0,0.0,1.0
198.09999999999567,1.0,1.0,0.0,0.0,0.0,1.0
198.14999999999566,1.0,1.0,0.0,0.0,0.0,1.0
198.19999999999567,1.0,1.0,0.0,0.0,0.0,1.0
198.24999999999568,0.0,1.0,0.0,0.0,0.0,1.0
198.29999999999566,0.0,1.0,0.0,0.0,0.0,1.0
198.34999999999565,0.0,1.0,0.0,0.0,0.0,1.0
198.39999999999566,0.0,1.0,0.0,0.0,0.0,1.0
198.44999999999567,0.0,1.0,0.0,0.0,0.0,1.0
198.49999999999565,0.0,1.0,0.0,1.0,0.0,1.0
198.54999999999563,0.0,1.0,0.0,1.0,0.0,1.0
198.59999999999565,0.0,1.0,0.0,1.0,0.0,1.0
198.64999999999566,0.0,1.0,0.0,1.0,0.0,1.0
198.69999999999564,0.0,1.0,0.0,1.0,0.0,1.0
198.74999999999562,0.0,1.0,0.0,1.0,0.0,1.0
198.79999999999563,0.0,1.0,0.0,1.0,0.0,1.0
198.84999999999565,0.0,1.0,0.0,1.0,0.0,1.0
198.89999999999563,0.0,1.0,0.0,1.0,1.0,1.0
198.9499999999956,0.0,1.0,0.0,1.0,1.0,1.0
198.99999999999562,0.0,1.0,0.0,1.0,1.0,1.0
199.04999999999563,0.0,1.0,0.0,1.0,1.0,1.0
199.09999999999562,0.0,1.0,0.0,1.0,1.0,1.0
199.1499999999956,0.0,1.0,0.0,1.0,1.0,1.0
199.1999999999956,0.0,1.0,0.0,1.0,1.0,1.0
199.24999999999562,0.0,1.0,0.0,1.0,1.0,1.0
199.2999999999956,0.0,1.0,0.0,1.0,1.0,1.0
199.3499999999956,0.0,1.0,0.0,1.0,1.0,1.0
199.3999999999956,0.0,1.0,1.0,1.0,1.0,1.0
199.4499999999956,0.0,1.0,1.0,1.0,1.0,1.0
199.4999999999956,0.0,1.0,1.0,1.0,1.0,1.0
199.54999999999558,0.0,1.0,1.0,1.0,1.0,1.0
199.5999999999956,0.0,1.0,1.0,1.0,1.0,1.0
199.6499999999956,0.0,1.0,1.0,1.0,1.0,1.0
199.69999999999558,0.0,1.0,1.0,1.0,1.0,1.0
199.74999999999557,0.0,1.0,1.0,1.0,1.0,1.0
199.79999999999558,0.0,1.0,1.0,1.0,1.0,1.0
199.8499999999956,0.0,1.0,1.0,1.0,1.0,1.0
199.89999999999557,0.0,1.0,1.0,1.0,1.0,1.0
199.94999999999555,0.0,1.0,1.0,1.0,1.0,1.0
199.99999999999557,0.0,1.0,1.0,1.0,1.0,1.0
200.04999999999558,0.0,1.0,1.0,1.0,1.0,1.0
200.09999999999556,0.0,1.0,1.0,1.0,1.0,1.0
200.14999999999554,0.0,1.0,1.0,1.0,1.0,1.0
200.19999999999555,0.0,1.0,1.0,1.0,1.0,1.0
200.24999999999557,0.0,1.0,1.0,1.0,1.0,1.0
200.29999999999555,0.0,1.0,1.0,1.0,1.0,1.0
200.34999999999553,0.0,1.0,1.0,1.0,1.0,1.0
200.39999999999554,0.0,1.0,1.0,1.0,1.0,0.0
200.44999999999555,0.0,1.0,1.0,1.0,1.0,0.0
200.49999999999554,0.0,1.0,1.0,1.0,1.0,0.0
200.54999999999552,0.0,1.0,1.0,1.0,1.0,0.0
200.59999999999553,0.0,1.0,1.0,1.0,1.0,0.0
200.64999999999554,0.0,1.0,1.0,1.0,1.0,0.0
200.69999999999553,0.0,1.0,1.0,1.0,1.0,0.0
200.7499999999955,0.0,1.0,1.0,1.0,1.0,0.0
200.79999999999552,0.0,1.0,1.0,1.0,1.0,0.0
200.84999999999553,0.0,1.0,1.0,1.0,1.0,0.0
200.89999999999552,0.0,1.0,1.0,1.0,1.0,0.0
200.9499999999955,1.0,0.0,1.0,1.0,1.0,0.0
200.9999999999955,1.0,0.0,1.0,1.0,1.0,0.0
201.04999999999552,1.0,0.0,1.0,1.0,1.0,0.0
201.0999999999955,1.0,0.0,1.0,1.0,1.0,0.0
201.1499999999955,1.0,0.0,1.0,1.0,1.0,0.0
201.1999999999955,1.0,0.0,1.0,1.0,1.0,0.0
201.2499999999955,1.0,0.0,1.0,1.0,1.0,0.0
201.2999999999955,1.0,0.0,1.0,1.0,1.0,0.0
201.34999999999548,1.0,0.0,1.0,1.0,1.0,0.0
201.3999999999955,1.0,0.0,1.0,1.0,1.0,0.0
201.4499999999955,1.0,0.0,1.0,1.0,1.0,0.0
201.49999999999548,1.0,0.0,1.0,1.0,1.0,0.0
201.54999999999546,1.0,0.0,1.0,1.0,1.0,0.0
201.59999999999548,1.0,0.0,1.0,1.0,1.0,0.0
201.6499999999955,1.0,0.0,1.0,1.0,1.0,0.0
201.69999999999547,1.0,0.0,1.0,1.0,1.0,0.0
201.74999999999545,1.0,0.0,1.0,1.0,1.0,0.0
201.79999999999546,1.0,0.0,1.0,1.0,1.0,0.0
201.84999999999548,1.0,0.0,1.0,0.0,1.0,0.0
201.89999999999546,1.0,0.0,1.0,0.0,1.0,0.0
201.94999999999544,1.0,0.0,1.0,0.0,1.0,0.0
201.99999999999545,1.0,0.0,1.0,0.0,1.0,0.0
202.04999999999546,1.0,0.0,1.0,0.0,1.0,0.0
202.09999999999545,1.0,0.0,1.0,0.0,1.0,0.0
202.14999999999543,1.0,0.0,1.0,0.0,1.0,0.0
202.19999999999544,1.0,0.0,0.0,0.0,1.0,0.0
202.24999999999545,1.0,0.0,0.0,0.0,1.0,0.0
202.29999999999544,1.0,0.0,0.0,0.0,1.0,0.0
202.34999999999542,1.0,0.0,0.0,0.0,1.0,0.0
202.39999999999543,1.0,0.0,0.0,0.0,1.0,0.0
202.44999999999544,1.0,0.0,0.0,0.0,1.0,0.0
202.49999999999542,1.0,0.0,0.0,0.0,1.0,0.0
202.5499999999954,1.0,0.0,0.0,0.0,1.0,0.0
202.59999999999542,1.0,0.0,0.0,0.0,1.0,0.0
202.64999999999543,1.0,0.0,0.0,0.0,1.0,0.0
202.6999999999954,1.0,0.0,0.0,0.0,1.0,0.0
202.7499999999954,1.0,1.0,0.0,0.0,0.0,0.0
202.7999999999954,1.0,1.0,0.0,0.0,0.0,0.0
202.84999999999542,1.0,1.0,0.0,0.0,0.0,0.0
202.8999999999954,1.0,1.0,0.0,0.0,0.0,0.0
202.94999999999538,1.0,1.0,0.0,0.0,0.0,0.0
202.9999999999954,1.0,1.0,0.0,0.0,0.0,1.0
203.0499999999954,1.0,1.0,0.0,0.0,0.0,1.0
203.0999999999954,1.0,1.0,0.0,0.0,0.0,1.0
203.14999999999537,1.0,1.0,0.0,0.0,0.0,1.0
203.19999999999538,1.0,1.0,0.0,0.0,0.0,1.0
203.2499999999954,1.0,1.0,0.0,0.0,0.0,1.0
203.29999999999538,1.0,1.0,0.0,0.0,0.0,1.0
203.34999999999536,1.0,1.0,0.0,0.0,0.0,1.0
203.39999999999537,1.0,1.0,0.0,0.0,0.0,1.0
203.44999999999538,1.0,1.0,0.0,0.0,0.0,1.0
203.49999999999537,1.0,1.0,0.0,0.0,0.0,1.0
203.54999999999535,1.0,1.0,0.0,0.0,0.0,1.0
203.59999999999536,1.0,1.0,0.0,0.0,0.0,1.0
203.64999999999537,1.0,1.0,0.0,0.0,0.0,1.0
203.69999999999536,1.0,1.0,0.0,0.0,0.0,1.0
203.74999999999534,1.0,1.0,0.0,0.0,0.0,1.0
203.79999999999535,1.0,1.0,0.0,0.0,0.0,1.0
203.84999999999536,1.0,1.0,0.0,0.0,0.0,1.0
203.89999999999534,1.0,1.0,0.0,1.0,0.0,1.0
203.94999999999533,1.0,1.0,0.0,1.0,0.0,1.0
203.99999999999534,1.0,1.0,0.0,1.0,0.0,1.0
204.04999999999535,1.0,1.0,0.0,1.0,0.0,1.0
204.09999999999533,1.0,1.0,0.0,1.0,0.0,1.0
204.14999999999532,1.0,1.0,0.0,1.0,0.0,1.0
204.19999999999533,1.0,1.0,0.0,1.0,0.0,1.0
204.24999999999534,1.0,1.0,0.0,1.0,0.0,1.0
204.29999999999532,1.0,1.0,1.0,1.0,0.0,1.0
204.3499999999953,1.0,1.0,1.0,1.0,0.0,1.0
204.39999999999532,1.0,1.0,1.0,1.0,0.0,1.0
204.44999999999533,1.0,1.0,1.0,1.0,0.0,1.0
204.4999999999953,1.0,1.0,1.0,1.0,0.0,1.0
204.5499999999953,1.0,1.0,1.0,1.0,0.0,1.0
204.5999999999953,1.0,1.0,1.0,1.0,0.0,1.0
204.64999999999532,1.0,1.0,1.0,1.0,0.0,1.0
204.6999999999953,1.0,1.0,1.0,1.0,0.0,1.0
204.74999999999528,1.0,1.0,1.0,1.0,0.0,1.0
204.7999999999953,1.0,1.0,1.0,1.0,0.0,1.0
204.8499999999953,1.0,1.0,1.0,1.0,0.0,1.0
204.8999999999953,1.0,1.0,1.0,1.0,0.0,1.0
204.94999999999527,1.0,1.0,1.0,1.0,0.0,1.0
204.99999999999528,1.0,1.0,1.0,1.0,0.0,1.0
205.0499999999953,1.0,1.0,1.0,1.0,0.0,1.0
205.09999999999528,1.0,1.0,1.0,1.0,0.0,1.0
205.14999999999526,1.0,1.0,1.0,1.0,0.0,1.0
205.19999999999527,1.0,1.0,1.0,1.0,0.0,1.0
205.24999999999528,1.0,1.0,1.0,1.0,0.0,1.0
205.29999999999526,1.0,0.0,1.0,1.0,1.0,1.0
205.34999999999525,1.0,0.0,1.0,1.0,1.0,1.0
205.39999999999526,1.0,0.0,1.0,1.0,1.0,1.0
205.44999999999527,1.0,0.0,1.0,1.0,1.0,1.0
205.49999999999525,1.0,0.0,1.0,1.0,1.0,1.0
205.54999999999524,1.0,0.0,1.0,1.0,1.0,1.0
205.59999999999525,1.0,0.0,1.0,1.0,1.0,1.0
205.64999999999526,1.0,0.0,1.0,1.0,1.0,1.0
205.69999999999524,1.0,0.0,1.0,1.0,1.0,1.0
205.74999999999523,1.0,0.0,1.0,1.0,1.0,1.0
205.79999999999524,1.0,0.0,1.0,1.0,1.0,1.0
205.84999999999525,1.0,0.0,1.0,1.0,1.0,1.0
205.89999999999523,1.0,0.0,1.0,1.0,1.0,1.0
205.9499999999952,1.0,0.0,1.0,1.0,1.0,1.0
205.99999999999523,1.0,0.0,1.0,1.0,1.0,1.0
206.04999999999524,1.0,0.0,1.0,1.0,1.0,1.0
206.09999999999522,1.0,0.0,1.0,1.0,1.0,1.0
206.1499999999952,1.0,0.0,1.0,1.0,1.0,1.0
206.1999999999952,0.0,0.0,1.0,1.0,1.0,1.0
206.24999999999523,0.0,0.0,1.0,1.0,1.0,1.0
206.2999999999952,0.0,0.0,1.0,1.0,1.0,1.0
206.3499999999952,0.0,0.0,1.0,1.0,1.0,1.0
206.3999999999952,0.0,0.0,1.0,1.0,1.0,1.0
206.4499999999952,0.0,0.0,1.0,1.0,1.0,1.0
206.4999999999952,0.0,0.0,1.0,1.0,1.0,1.0
206.54999999999518,0.0,0.0,1.0,1.0,1.0,1.0
206.5999999999952,0.0,0.0,1.0,1.0,1.0,1.0
206.6499999999952,0.0,0.0,1.0,1.0,1.0,1.0
206.69999999999519,0.0,0.0,1.0,1.0,1.0,1.0
206.74999999999517,0.0,0.0,1.0,1.0,1.0,1.0
206.79999999999518,0.0,0.0,1.0,1.0,1.0,1.0
206.8499999999952,0.0,0.0,1.0,1.0,1.0,1.0
206.89999999999517,0.0,0.0,1.0,1.0,1.0,1.0
206.94999999999516,0.0,0.0,1.0,1.0,1.0,1.0
206.99999999999517,0.0,0.0,1.0,1.0,1.0,1.0
207.04999999999518,0.0,0.0,1.0,1.0,1.0,1.0
